name,line,lat,lon,type
Novza,,41.2918722,69.2236165,metro
Xalqlar doʻstligi,,41.3118987,69.2430959,metro
Mirzo Ulugʻbek,,41.2820342,69.2125834,metro
Chilonzor,,41.274359,69.2049735,metro
Milliy bogʻ,,41.3033944,69.2356663,metro
G'afur G'ulom,,41.3278828,69.2458342,metro
Chorsu,,41.3258649,69.2368152,metro
Oybek,,41.2980128,69.2740501,metro
Mingoʻrik,,41.2996373,69.2744397,metro
Toshkent,,41.2932886,69.2877212,metro
Beruniy,,41.3446152,69.2062046,metro
Shahriston,,41.3531185,69.2881069,metro
Mashinasozlar,,41.2989847,69.3051276,metro
Tinchlik,,41.3323014,69.2191155,metro
Abdulla Qodiriy,,41.3201924,69.281759,metro
Minor,,41.3268923,69.2834163,metro
Bodomzor,,41.3371701,69.2845697,metro
Hamid Olimjon,,41.3181644,69.2957419,metro
Kosmonavtlar,,41.3051618,69.2647207,metro
Buyuk Ipak Yoʻli,,41.3261054,69.3285598,metro
Pushkin,,41.3219481,69.311102,metro
Amir Temur xiyoboni,,41.3126738,69.2832691,metro
Yunus Rajabiy,,41.3138871,69.2835077,metro
Alisher Navoiy,,41.3189218,69.2542973,metro
Paxtakor,,41.3177914,69.2550882,metro
Oʻzbekiston,,41.3119437,69.2534057,metro
Olmazor,,41.2566724,69.1961045,metro
Do'stlik,,41.2936401,69.3222445,metro
Mustaqillik maydoni,,41.3149453,69.2710646,metro
Yunusobod,,41.3668411,69.2923003,metro
Turkiston,,41.3775217,69.2960151,metro
Olmos,,41.281705,69.3603338,metro
Texnopark,,41.294628,69.3231867,metro
Yashnobod,,41.2975859,69.3497831,metro
Tuzel,,41.2920125,69.3561844,metro
Rohat,,41.2652907,69.3647517,metro
Yangiobod,,41.2565075,69.3587242,metro
Qo‘yliq,,41.2374579,69.3270001,metro
Matonat,,41.2444713,69.3083229,metro
Qiyot,,41.2444796,69.299728,metro
Choshtepa,,41.2382496,69.1960345,metro
O‘zgarish,,41.2273364,69.2039714,metro
Yangihayot,,41.2135099,69.214015,metro
Chinor,,41.2066965,69.2189575,metro
Tolarik,,41.2445139,69.2849568,metro
Xonobod,,41.2300103,69.2704353,metro
Quruvchilar,,41.2216367,69.2605033,metro
Qipchok,,41.2054229,69.2214112,metro
Turon,,41.2106813,69.234154,metro
,,41.3273136,69.3141701,bus
,,41.2543139,69.1970417,bus
Tabassum kafesi,,41.2529271,69.2172142,bus
пост ГАИ,,41.3464835,69.1649479,bus
Chilonzor dahasi 24-mavze,,41.2821699,69.1812994,bus
Журжоний,,41.2988165,69.173802,bus
Лицей,,41.3406687,69.3737714,bus
Площадь Джами,,41.3546321,69.2530415,bus
Diadora do'koni,,41.3588433,69.3867653,bus
П.О. Оникс,,41.3561156,69.248161,bus
Masjid bekati,,41.3511185,69.2924637,bus
Feruza dahasi,,41.3618051,69.3672988,bus
Novza metro bekati,,41.2913734,69.2242194,bus
173-sonli maktab,,41.2935536,69.2207922,bus
Fidoyilar hiyoboni,,41.3007381,69.2758831,bus
Mirzo Ulug'bek shox ko'chasi,,41.3058297,69.3060457,bus
Ashxobod Park,,41.3054188,69.305971,bus
Elektroapparat,,41.2790381,69.3066756,bus
"Гостиница ""Россия""",,41.2946387,69.2669865,bus
Oybek metrosi,,41.2981656,69.2722859,bus
Айбек метро,,41.29934,69.2728681,bus
A. Navoiy jamoa xo'jaligi,,41.2395894,69.2147203,bus
Avliyo-Ota ko'chasi,,41.2884275,69.2818766,bus
Aliyev ko'chasi,,41.2768531,69.2738742,bus
Uspenskiy Nomidagi Maktab,,41.3075253,69.2929981,bus
Bozor,,41.2950696,69.3355251,bus
,,41.2991122,69.3420428,bus
,,41.2955681,69.3413643,bus
Ташсельмаш,,41.2990683,69.3054677,bus
,,41.2936769,69.3220281,bus
Toʻqimachilik kombinati,,41.2740823,69.2451163,bus
Юнусобод ҳокимияти-1,,41.3282298,69.2834816,bus
Teplovoz deposi,,41.2914294,69.2994338,bus
Бинокор,,41.179027,69.2471741,bus
Olimpiya savdo markazi,,41.252603,69.3083289,bus
Olimpiya savdo markazi,,41.2524602,69.3084921,bus
Остановка,,41.3209366,69.3626787,bus
Politologiya instituti,,41.3245727,69.3244131,bus
,,41.2819307,69.3501802,bus
Geofiziklar qorgoni,,41.340918,69.3896228,bus
Tantana ko'chasi,,41.3555267,69.3766101,bus
,,41.3502291,69.334823,bus
153-sonli dorixona,,41.2615987,69.1635101,bus
"Махалля ""Дилбулак""",,41.2685386,69.2459215,bus
Mirobod bozori,,41.2909599,69.2766125,bus
Kichik Beshyogʻoch koʻchasi,,41.2776503,69.2722632,bus
Kichik Beshyogʻoch koʻchasi,,41.2780752,69.2728888,bus
Boshliq dahasi,,41.2682333,69.2519269,bus
Boshliq dahasi,,41.2684247,69.2526824,bus
83-sonli maktab,,41.2825617,69.2769492,bus
83-sonli maktab,,41.2822962,69.2764451,bus
Oloy bozori,,41.319465,69.2818573,bus
Табассум магазин,,41.3553417,69.2225841,bus
Shofayziy ko'chasi,,41.3190764,69.1964979,bus
12-sonli mavze,,41.3544293,69.3735178,bus
Janubiy vokzal,,41.2595845,69.2236289,bus
Bogʻiboʻston koʻchasi,,41.2628482,69.2229124,bus
Aviasozlar bozori,,41.285926,69.3457564,bus
Aviasozlar bozori,,41.2864597,69.3472316,bus
Aviasozlar bozori,,41.2866044,69.3459853,bus
Aviasozlar bozori,,41.2854898,69.3472689,bus
Temiryo'chilar kolleji,,41.2802574,69.2769361,bus
,,41.1854514,69.2599878,bus
,,41.1854339,69.2601663,bus
Школа 166,,41.2945481,69.3440442,bus
,,41.2940314,69.3461934,bus
,,41.2951673,69.3415538,bus
Dunyo supermarketi,,41.3131758,69.2867962,bus
Dunyo supermarketi,,41.3132774,69.2865315,bus
Bozor,,41.2488249,69.3015965,bus
Юнусобод тумани хокимияти,,41.3278443,69.2826478,bus
,,41.2397041,69.3341019,bus
Кушбеги,,41.2660485,69.2455357,bus
,,41.2703475,69.174771,bus
,,41.2655969,69.1861187,bus
,,41.2676942,69.1825314,bus
Зоопарк;Ботанический сад,,41.3448271,69.3092745,bus
Зоопарк;Ботанический сад,,41.3445221,69.3092956,bus
Moskva kafesi,,41.2791581,69.1774844,bus
,,41.2679883,69.1817332,bus
217-sonli maktab,,41.2684442,69.1726591,bus
Районное ГАИ,,41.344477,69.3859812,bus
Gastronom,,41.3521732,69.3878511,bus
Ahmad Yugnaki mavzesi,,41.3446633,69.3814432,bus
Chilonzor dahasi 11-mavze,,41.2803618,69.1953879,bus
,,41.2755387,69.1936997,bus
Al-Xorazmiy maydoni,,41.2750816,69.193006,bus
,,41.274029,69.1884813,bus
Shuhrat do'koni,,41.2794011,69.197223,bus
Торговый комплекс,,41.3635253,69.2146107,bus
"Ц-14 (Магазин ""Pinokkio"")",,41.3260599,69.251929,bus
"Ц-14 (""Ганга"")",,41.3279316,69.2485887,bus
,,41.3272292,69.2512534,bus
,,41.3244038,69.2556341,bus
,,41.3239341,69.2603491,bus
,,41.3293634,69.2492112,bus
Торговый комплекс,,41.364062,69.2140712,bus
Toʻqimachilik kombinati,,41.274167,69.2451634,bus
Qushbegi dahasi,,41.2670576,69.246229,bus
"Махалля ""Дилбулак""",,41.2686936,69.2459618,bus
,,41.2894659,69.2811151,bus
Toshkent metro bekati,,41.2929342,69.2879876,bus
Turkiston metro bekati,,41.3754365,69.296382,bus
,,41.3367783,69.3231443,bus
,,41.3374617,69.3305603,bus
,,41.3366079,69.3241338,bus
,,41.3374751,69.329451,bus
,,41.357221,69.1767536,bus
,,41.3354075,69.174431,bus
Sag'bon ko'chasi,,41.3408828,69.2302591,bus
2-sonli poliklinika,,41.2533558,69.3128273,bus
2-sonli poliklinika,,41.2534313,69.3125547,bus
,,41.3423224,69.2862315,bus
,,41.3427099,69.2860853,bus
,,41.3581694,69.2264355,bus
,,41.3580205,69.2257766,bus
Сагбан,,41.3485661,69.22755,bus
Аптека,,41.3603344,69.214952,bus
Торговый комплекс,,41.3643868,69.2148433,bus
Shirin ko'chasi,,41.2845914,69.1707153,bus
ГСКБ,,41.3548577,69.2264855,bus
Талабалар бекати,,41.3517397,69.2112705,bus
,,41.3517891,69.2119779,bus
Глазная больница,,41.356031,69.2182221,bus
Аптека,,41.359706,69.2146099,bus
ГСКБ,,41.3552891,69.2273841,bus
,,41.3585164,69.2057165,bus
АЗС,,41.3575548,69.2058705,bus
,,41.3548467,69.2090758,bus
Госпиталь МВД,,41.3600329,69.2043434,bus
Госпиталь МВД,,41.3611688,69.2038565,bus
Фергана кафе,,41.363599,69.2038576,bus
Фергана кафе,,41.3639929,69.2047931,bus
Госпиталь СНБ,,41.3640768,69.208972,bus
Госпиталь СГБ,,41.3639748,69.2096201,bus
Абдулла Набиев,,41.3497101,69.2273916,bus
Фарфоровый завод,,41.3436221,69.2297353,bus
Фарфоровый завод,,41.3442153,69.2295227,bus
Нукус кинотеатр,,41.3497352,69.2181566,bus
,,41.347137,69.2154504,bus
,,41.3490306,69.2146065,bus
,,41.3478188,69.2163709,bus
Beruniy maydoni,,41.33966,69.2079144,bus
Beruniy maydoni,,41.3385863,69.2064845,bus
Beruniy maydoni,,41.3394896,69.2066163,bus
Центр стандартов,,41.3426904,69.2110882,bus
Eski Juva bozori,,41.3299364,69.234137,bus
Eski Juva maydoni,,41.3302049,69.2349064,bus
Chorsu bozori,,41.3246577,69.2324409,bus
Абдулла Набиев,,41.3502965,69.2279718,bus
,,41.3613446,69.2305296,bus
Eski Juva maydoni,,41.3290911,69.2373748,bus
,,41.3615081,69.2306061,bus
Магазин,,41.3616599,69.2377019,bus
Магазин,,41.3619297,69.2377545,bus
П.О. Оникс,,41.3563022,69.2473341,bus
,,41.3557379,69.2388852,bus
,,41.3560201,69.2392892,bus
,,41.3569204,69.2432094,bus
Qorasaroy,,41.3486095,69.2405986,bus
Северный Алмазар,,41.3481735,69.2514445,bus
Олмазор молия,,41.3504618,69.2520042,bus
,,41.3509688,69.252669,bus
Мечеит,,41.3315337,69.2428517,bus
Родильный дом №2,,41.3476893,69.2414321,bus
"Монумент ""Мужества""",,41.3234448,69.2730473,bus
Dunyo supermarketi,,41.3144963,69.2875554,bus
Dunyo supermarketi,,41.314591,69.2874911,bus
,,41.3221959,69.2736248,bus
,,41.3281069,69.2742127,bus
,,41.3284873,69.2752679,bus
,,41.3290316,69.2747604,bus
Инфекционная больница,,41.3444861,69.2623108,bus
Инфекционная больница,,41.3454913,69.2609894,bus
ШПО Малика,,41.3405454,69.2694229,bus
Санаторий Семашко,,41.3357488,69.2780178,bus
,,41.3503125,69.3342219,bus
Yunusobod dehqon bozori,,41.3632326,69.288145,bus
Universam,,41.3649697,69.2872361,bus
площадь Пушкина,,41.2848689,69.2528719,bus
Janubiy vokzal,,41.2591999,69.224524,bus
Janubiy vokzal,,41.2592912,69.2244457,bus
Janubiy vokzal,,41.2591212,69.2246027,bus
,,41.2261826,69.2050264,bus
,,41.2996833,69.2818948,bus
,,41.3357536,69.1744844,bus
San'at muzeyi,,41.3032499,69.279912,bus
Tinchlik metrosi,,41.3330636,69.2187258,bus
,,41.3510383,69.2426361,bus
Gidrometsentr,,41.3266916,69.2918761,bus
,,41.3273114,69.2912728,bus
Геологоразведка,,41.3338842,69.2846297,bus
,,41.3335778,69.2834273,bus
Mirobod bozori,,41.290293,69.2740651,bus
Абдулла Набиев,,41.3493296,69.228536,bus
Бюро пропусков Ташкент Аэропорт,,41.2683541,69.2685824,bus
,,41.2684543,69.2683102,bus
дока хлеб,,41.2966483,69.3526696,bus
,,41.3253899,69.3232969,bus
,,41.3400898,69.33549,bus
Малика остановка,,41.3399987,69.2702741,bus
Поликлиника №5,,41.3164632,69.2922847,bus
,,41.3010926,69.2076029,bus
,,41.3012426,69.2073106,bus
"фабрика ""Сувенир""",,41.3039952,69.2058209,bus
Chilonzor SM,,41.2838134,69.2242733,bus
Madaniyat instituti,,41.3470558,69.3481365,bus
Фрунзинский торговый центр,,41.2859316,69.2544112,bus
Toshkent vokzali,,41.2928686,69.2857936,bus
,,41.2933551,69.2791921,bus
Улица Зулфияхоним,,41.331823,69.2634072,bus
Улица Зулфияхоним,,41.3324144,69.2635768,bus
,,41.3451196,69.2699725,bus
,,41.3463294,69.2676787,bus
,,41.3469087,69.2671088,bus
,,41.3489411,69.2634736,bus
,,41.349648,69.262485,bus
,,41.3583578,69.2424455,bus
,,41.3608451,69.2390413,bus
,,41.3614241,69.2420636,bus
,,41.366987,69.2403469,bus
,,41.3672298,69.2364279,bus
,,41.3673771,69.2362593,bus
,,41.2717862,69.1770124,bus
,,41.3547445,69.2542696,bus
Chilonzor 1-mavzesi,,41.285498,69.2339949,bus
Pedagogika texnikumi,,41.2990254,69.2122132,bus
АЁҚШ,,41.3178404,69.2299039,bus
Sanitariya-epidemiologiya stansiyasi,,41.2964222,69.2033179,bus
Sanitariya-epidemiologiya stansiyasi,,41.2955994,69.2011288,bus
Дустлик,,41.1955543,69.2151262,bus
,,41.1984829,69.2129618,bus
,,41.1991843,69.2127211,bus
Политех,,41.2091166,69.2300744,bus
Temiryo'lchilar san'at saroyi,,41.296486,69.285402,bus
ToshGRES mavzesi,,41.3589029,69.3396507,bus
,,41.3388506,69.3388368,bus
крестик остановка,,41.29318,69.3561852,bus
Галантерея,,41.2950396,69.3609492,bus
,,41.2969202,69.3649997,bus
,,41.2969847,69.3655791,bus
Yunusobod dahasi 11-mavze,,41.3734883,69.2951684,bus
Kimyo instituti,,41.3344815,69.3348604,bus
Kimyo instituti,,41.3348482,69.3355152,bus
Musavvirlar ko'chasi,,41.329745,69.3298634,bus
Musavvirlar ko'chasi,,41.3302528,69.3306638,bus
Fedorovich nomli sanatoriyasi,,41.2997528,69.2828227,bus
,,41.3045904,69.2812478,bus
,,41.2714819,69.3508149,bus
,,41.2716027,69.3509546,bus
,,41.2881992,69.3505285,bus
2 проезд Бешарык,,41.2887209,69.3531433,bus
,,41.290447,69.3569474,bus
М-в Тузель 1 кв,,41.3001435,69.3602058,bus
,,41.3510506,69.324196,bus
,,41.3510526,69.3309096,bus
,,41.3513193,69.3289901,bus
,,41.3508193,69.3243576,bus
,,41.3481572,69.3382749,bus
,,41.3474746,69.3388597,bus
,,41.2444602,69.3094759,bus
Qo'yliq dahasi 2-mavze,,41.2517222,69.3016164,bus
Qo'yliq dahasi 2-mavze,,41.2519864,69.3017346,bus
Pochta,,41.2518497,69.3227194,bus
Tolariq ko'chasi,,41.2550687,69.3208829,bus
Tolariq ko'chasi,,41.2561057,69.3204851,bus
Jarqo'rg'on ko'chasi,,41.2666552,69.3156909,bus
Vagon deposi,,41.2690735,69.257825,bus
завод Алгоритм,,41.2609848,69.1657979,bus
TashMU-1,,41.3072384,69.298913,bus
Chilonzor dahasi 9-mavze,,41.2870973,69.2048051,bus
,,41.3113361,69.2590548,bus
Farhod yarmarkasi,,41.2836876,69.1906245,bus
Farhod bozori,,41.2859376,69.1851969,bus
,,41.3216378,69.2778713,bus
Yuridik universiteti,,41.3155572,69.2808057,bus
Урикзор базар,,41.2584605,69.3571237,bus
Aliyev ko'chasi,,41.2776048,69.2743528,bus
Абдулла Кодири,,41.3296135,69.2471668,bus
,,41.3395985,69.286267,bus
Pedagogika texnikumi,,41.2993227,69.2120712,bus
площадь Актепе,,41.2994713,69.2092437,bus
,,41.3020732,69.2117165,bus
Мебельный магазин,,41.2992936,69.2093305,bus
Pedagogika texnikumi,,41.3005675,69.2118673,bus
Pedagogika texnikumi,,41.300524,69.2133003,bus
,,41.2447733,69.1660224,bus
Chimyon do'koni,,41.3503029,69.3515647,bus
Кинотеатр Казахстан,,41.329316,69.2835135,bus
Maishiy xizmat uyi,,41.3796813,69.2969979,bus
Chilonzor dahasi 11-mavze,,41.2817734,69.1936074,bus
Jarqo'rg'on ko'chasi,,41.2647663,69.3153416,bus
Санаторий Семашко,,41.3355133,69.2782,bus
11-sonli tug'ruqxona,,41.2696666,69.3004336,bus
11-sonli tug'ruqxona,,41.2693954,69.2993674,bus
Obod mahallasi,,41.2451009,69.2650835,bus
Mahalliy havo yo'llari aeroporti,,41.2494181,69.2677695,bus
Obirahmat mahallasi,,41.2518072,69.2530159,bus
AYoQSh,,41.2554614,69.2493959,bus
Qushbegi dahasi,,41.2660718,69.2470112,bus
Vagon deposi,,41.2693388,69.2574795,bus
Qushbegi dahasi,,41.2667001,69.2461885,bus
,,41.3340783,69.2652759,bus
Mahalliy havo yo'llari aeroporti,,41.2484087,69.2649057,bus
Тулаби,,41.3571724,69.0781264,bus
,,41.3630417,69.0575081,bus
Оқ том,,41.3532097,69.0630853,bus
Школа №76,,41.3548439,69.0692394,bus
,,41.3557921,69.0819379,bus
,,41.349663,69.0800763,bus
Тутзор,,41.3594661,69.1042033,bus
Мажнунтол,,41.3597077,69.1086665,bus
,,41.3598432,69.1142831,bus
Shamsiobod,,41.3590031,69.122555,bus
Олтин Тепа,,41.3567563,69.1294161,bus
Сабзавот,,41.3555241,69.1345874,bus
Ko'k saroy,,41.3541623,69.1413538,bus
Дамариқ,,41.3525564,69.1482076,bus
Tantana ko'chasi,,41.3561344,69.3779289,bus
,,41.2879661,69.2840483,bus
Moskva kafesi,,41.279159,69.1778953,bus
Рабочий городок,,41.3389623,69.2682281,bus
Gullola ko'chasi,,41.3600298,69.3374552,bus
,,41.3021119,69.2067398,bus
Farg'ona bozori,,41.2724658,69.3087614,bus
Tez yordam markazi,,41.2656509,69.2182104,bus
Tez yordam markazi,,41.2669496,69.2165168,bus
Jarrohlik markazi,,41.2705915,69.2116354,bus
Кислородная,,41.2742616,69.2134585,bus
,,41.275046,69.21427,bus
Qozirabod mahallasi,,41.2793779,69.2170115,bus
Yunusobod dahasi 14-mavze,,41.3743335,69.3039122,bus
Yunusobod dahasi 14-mavze,,41.3745726,69.3029936,bus
улица Саида Барака,,41.2969104,69.281186,bus
Yuzrobod Ko'chasi,,41.3629188,69.3922618,bus
Yuzrobod Ko'chasi,,41.3636686,69.3931524,bus
Feruza dahasi,,41.3619921,69.3664965,bus
Feruza dahasi,,41.3617017,69.3672466,bus
Yunusobod dahasi 19-mavze,,41.3734961,69.3220681,bus
Feruza dahasi,,41.3619055,69.3664794,bus
,,41.2615786,69.2307751,bus
Sergeli bozori,,41.2274586,69.2195352,bus
Sergeli bozori,,41.2280647,69.2189895,bus
Chilonzor dahasi 24-mavze,,41.2823867,69.1800937,bus
,,41.3102356,69.3258014,bus
Шанпан виноси заводи,,41.3103502,69.321977,bus
,,41.3123746,69.3299347,bus
Sultonali Mashxadi ko'chasi,,41.3124703,69.3133939,bus
Oltintepa 5-o'tish ko'chasi,,41.3142126,69.3339545,bus
Ломоносова,,41.317568,69.3387604,bus
Ломоносова,,41.3179702,69.3396838,bus
G'ayratiy ko'chasi,,41.3576268,69.2725138,bus
Yunusobod dahasi 4-mavze,,41.3599759,69.2789569,bus
,,41.3318647,69.2505618,bus
,,41.3324117,69.2519894,bus
Yunusobod dahasi 4-mavze,,41.359982,69.2774729,bus
O'tish yo'li,,41.3528177,69.2666726,bus
O'tish yo'li,,41.3535043,69.2671534,bus
Bobur maydoni,,41.2926224,69.2504527,bus
,,41.292102,69.271942,bus
Fidoyilar hiyoboni,,41.3015412,69.2773944,bus
"""Океан""",,41.292405,69.2619614,bus
Океан,,41.2931759,69.2640965,bus
San'at muzeyi,,41.3026088,69.2787287,bus
Vestminster universeteti,,41.3065076,69.2837255,bus
Поликлиника №5,,41.3166225,69.2921288,bus
,,41.3196011,69.2986502,bus
,,41.3252592,69.3136916,bus
Fedorovich nomli sanatoriyasi,,41.2996486,69.2827322,bus
,,41.2910113,69.3583078,bus
,,41.292153,69.3564127,bus
,,41.2855127,69.3600002,bus
,,41.2802848,69.3608352,bus
,,41.281285,69.3613651,bus
,,41.2770076,69.3620584,bus
,,41.2755655,69.3616355,bus
,,41.2690495,69.3655072,bus
,,41.2931225,69.3571504,bus
,,41.2953725,69.3622102,bus
конечный 166 of minibus,,41.2928602,69.3696907,bus
Абу Али ибн Сино-2,,41.3343492,69.163756,bus
Turar joy,,41.3434174,69.16517,bus
Шифокор 1 улица,,41.3591706,69.1717181,bus
Шифокор 1 улица,,41.3598642,69.1728667,bus
пост ГАИ,,41.3464728,69.1651498,bus
,,41.3608238,69.1740576,bus
транспортный колледж,,41.3459344,69.1654577,bus
Махалля Фуркат,,41.3271488,69.159699,bus
Махалля Фуркат,,41.3280136,69.1599158,bus
,,41.2934246,69.2456443,bus
Ракат маркет,,41.293482,69.246167,bus
,,41.2931491,69.2499073,bus
,,41.2930831,69.2497737,bus
Temiryo'lchilar poliklinikasi,,41.2867004,69.2830125,bus
ГНИ Алмазарского района,,41.3509788,69.2419748,bus
Кара камыш 1/1,,41.351798,69.2388647,bus
Каракамыш 1/1,,41.3520264,69.2387392,bus
ГНИ Алмазарского района,,41.3515911,69.24223,bus
,,41.2123,69.2379283,bus
,,41.3717882,69.2650158,bus
Родильный дом #2,,41.3463515,69.2414818,bus
,,41.3669132,69.2698215,bus
Кара Камыш 1/2,,41.3561926,69.2390667,bus
,,41.3669444,69.2707678,bus
Сергели 4,,41.2195067,69.2430451,bus
,,41.2181021,69.2403309,bus
,,41.2179615,69.2393414,bus
Ярмарка,,41.2141175,69.2287265,bus
,,41.2140997,69.2305846,bus
Финансовый,,41.2102131,69.232479,bus
"Сергели-4 ""Переезд""",,41.216118,69.2443156,bus
Автосалон,,41.2193079,69.243157,bus
,,41.216176,69.2357515,bus
Ярмарка,,41.2127788,69.2295715,bus
Хокимият,,41.2207439,69.2235271,bus
,,41.2157474,69.2340592,bus
,,41.2127068,69.2377469,bus
Финансовый,,41.2104626,69.2323516,bus
Ярмарка,,41.2124968,69.2296072,bus
Sirg'ali tuman hokimiyati,,41.2200948,69.2241343,bus
Yunusobod dahasi 13-mavze,,41.3695601,69.2939979,bus
Кисловодск,,41.3456241,69.2768266,bus
Остановка,,41.3533236,69.3479715,bus
Shaxlo kafesi,,41.2543198,69.3436991,bus
Shaxlo kafesi,,41.2544118,69.3435061,bus
Микрорайон З. Шамсутдиновой,,41.258136,69.3410827,bus
Микрорайон З. Шамсутдиновой,,41.2575959,69.3413267,bus
Шифокорлар бозорчаси бекати,,41.3633799,69.1850551,bus
,,41.3640719,69.1853116,bus
34-поликлиника бекати,,41.3612518,69.181708,bus
,,41.3459156,69.2769213,bus
Ташгрэс (конечка),,41.3867303,69.3711373,bus
Chilonzor IIB,,41.2903476,69.2008026,bus
Jarariq,,41.3398268,69.1756113,bus
Temiryo'chilar kolleji,,41.2806318,69.2774226,bus
Fedorovich nomli sanatoriyasi,,41.3006705,69.2837637,bus
Chambil ko'chasi,,41.2841643,69.2803114,bus
Chambil ko'chasi,,41.2844694,69.2806884,bus
Кафолат,,41.2895031,69.150017,bus
,,41.2545176,69.1560554,bus
,,41.311682,69.1932566,bus
Akademiklar shaharchasi,,41.3399859,69.3409409,bus
ПоликлиникаNo59,,41.2710015,69.237778,bus
,,41.3328703,69.2989093,bus
,,41.3329474,69.2982016,bus
Школа №111,,41.3389813,69.2214724,bus
Институт санитарии,,41.3205485,69.3428,bus
Институт санитарии,,41.3207827,69.3434837,bus
Oltintepa 5-o'tish ko'chasi,,41.3143808,69.3346142,bus
Махалля Фидойилар,,41.3041271,69.3125079,bus
,,41.3047981,69.3253074,bus
Военная часть,,41.3041593,69.3200233,bus
,,41.3050123,69.3076634,bus
Хосилот,,41.2662858,69.2325329,bus
Братские могилы,,41.2684806,69.2349796,bus
Стадион,,41.2743953,69.2415332,bus
,,41.2983363,69.1941352,bus
,,41.2973114,69.1939203,bus
Tabassum kafesi,,41.2516267,69.2173484,bus
Choponota mahallasi,,41.292915,69.1940688,bus
,,41.289758,69.1942111,bus
,,41.2862038,69.1943765,bus
Jarrohlik markazi,,41.2697692,69.2118491,bus
Ozgarish qo'rg'oni,,41.2474716,69.2180251,bus
Sergeli avto bozori,,41.2348805,69.2147237,bus
Shirin ko'chasi,,41.2854925,69.1712328,bus
Ozgarish qo'rg'oni,,41.248557,69.2180256,bus
Chilonzor dahasi 21-mavze,,41.2894153,69.1736889,bus
Sverdlovsk uylari,,41.2916786,69.178467,bus
Sverdlovsk uylari,,41.2914637,69.1794016,bus
Chilonzor dahasi 21-mavze,,41.2896479,69.1743148,bus
Do'kon,,41.2852028,69.1755737,bus
Фрегат,,41.273838,69.2405933,bus
Sergeli avto bozori,,41.2356596,69.2144463,bus
Братские могилы,,41.2689381,69.2351615,bus
,,41.3072012,69.206949,bus
Turkiston metro bekati,,41.3750787,69.2949285,bus
Maishiy xizmat uyi,,41.379167,69.296129,bus
Lokomotiv Stadioni,,41.3601935,69.3900437,bus
Lokomotiv Stadioni,,41.3595676,69.3887169,bus
,,41.3585173,69.3849322,bus
Yunusobod dahasi 11-mavze,,41.3726536,69.2942049,bus
Paynet,,41.3205979,69.3550258,bus
Oybek mahalla,,41.3653069,69.3408743,bus
ToshGRES mavzesi,,41.3588393,69.3389918,bus
Автобусная остановка,,41.3628799,69.3338393,bus
Oybek mahalla,,41.3653192,69.3409775,bus
,,41.352096,69.3310027,bus
,,41.354968,69.3345485,bus
Agrar instuti,,41.3613461,69.3387283,bus
Oybek maxalladi,,41.3626163,69.3396625,bus
,,41.3543834,69.3335542,bus
Автобусная остановка,,41.3496157,69.3197677,bus
Автобусная остановка,,41.347637,69.3147106,bus
Автобусная остановка,,41.3480091,69.3162616,bus
Аграр университет Сельхоз,,41.3606435,69.3385253,bus
Kardiologiya markazi,,41.3250181,69.2989751,bus
34-поликлиника бекати,,41.3611832,69.1817071,bus
,,41.3490887,69.2147153,bus
,,41.3518802,69.2120668,bus
,,41.3549089,69.2091902,bus
Yunusobod dahasi 18-mavze,,41.3717468,69.3171569,bus
,,41.3712816,69.3108516,bus
Yunusobod dahasi 18-mavze,,41.371751,69.3165009,bus
,,41.2274822,69.1961126,bus
,,41.2528868,69.2157664,bus
Олтинтепа (Циолковского),,41.3133996,69.3310651,bus
Олтинтепа (Циолковского),,41.3125696,69.3313246,bus
Chilonzor dahasi 23-mavze,,41.289562,69.1813789,bus
Xalqlar Doʻstligi metro bekati,,41.3116459,69.241876,bus
,,41.303887,69.3131716,bus
Военная часть,,41.3039341,69.3195529,bus
,,41.3047819,69.326493,bus
,,41.3052066,69.3317053,bus
Elbek ko'chasi,,41.3011419,69.2971712,bus
Oʻzgarish mavzesi,,41.2156399,69.2122865,bus
,,41.2236007,69.2115168,bus
,,41.2264628,69.21846,bus
,,41.2251464,69.21517,bus
Журжоний,,41.2984985,69.1744272,bus
,,41.3512404,69.3808632,bus
Агрошкола,,41.3490695,69.3679148,bus
ГУВД,,41.3358848,69.3538566,bus
Дагестанская,,41.3223898,69.3263987,bus
Дагестанская,,41.3227554,69.3265543,bus
,,41.3149233,69.3273416,bus
,,41.3153245,69.3285262,bus
Farhod bozori,,41.2871139,69.1852342,bus
,,41.3279165,69.2137327,bus
,,41.2805774,69.2549422,bus
Nevrologiya sanatoriyasi,,41.3418814,69.3602434,bus
Shofayziy ko'chasi,,41.3190747,69.1970442,bus
,,41.3180609,69.1963173,bus
Qo'yliq dahasi 6-mavze,,41.2443429,69.2889369,bus
Qo'yliq dahasi 5-mavze,,41.2443387,69.2934952,bus
M.Ulugbek tuman prokuraturasi,,41.3199544,69.3195473,bus
M.Ulugbek tuman prokuraturasi,,41.3209903,69.3210482,bus
Массив Шодлик,,41.3749836,69.2995601,bus
Массив Шодлик,,41.3751156,69.2992233,bus
AYOQSH,,41.37386,69.3083332,bus
AYOQSH,,41.3738738,69.3094526,bus
ToshGRES mavzesi,,41.3589654,69.3373728,bus
,,41.3988994,69.2045728,bus
,,41.4022528,69.2030925,bus
,,41.3975011,69.2046835,bus
,,41.402162,69.203615,bus
,,41.3795073,69.2195377,bus
,,41.3834056,69.2158135,bus
,,41.3800214,69.2202753,bus
,,41.3253638,69.2121944,bus
5-sonli bolalar kasalxonasi,,41.3629152,69.2982667,bus
5-sonli bolalar kasalxonasi,,41.3636144,69.2988913,bus
5-sonli bolalar kasalxonasi,,41.3634528,69.2976561,bus
544-sonli bolalar bogʻchasi,,41.3665883,69.3019506,bus
Jumamasjid ko'chasi,,41.3726845,69.27615,bus
Yunusobod dahasi 9-mavze,,41.3741446,69.2782711,bus
Chilonzor 3-mavzesi,,41.2877174,69.2300602,bus
Chilonzor 1-mavzesi,,41.2852051,69.2337848,bus
Ko'z kasalliklari shifoxonasi,,41.2808133,69.2407651,bus
Suvsoz dahasi 1-mavze,,41.2508407,69.3692809,bus
Suvsoz stadioni,,41.2572019,69.3776681,bus
Suvsoz dahasi 1-mavze,,41.2510634,69.3704102,bus
Котельная,,41.2863073,69.3384477,bus
,,41.2881694,69.33153,bus
,,41.2904341,69.32842,bus
Зангори 1 проезд,,41.290636,69.3284013,bus
Qo‘ylik dehqon bozori,,41.2368776,69.3273933,bus
AYoQSh,,41.2426667,69.3369858,bus
Лицей,,41.2543619,69.327567,bus
Mo'ynoq ko'chasi,,41.2587585,69.3188094,bus
Mo'ynoq ko'chasi,,41.2596004,69.318529,bus
Fayziobod kochasi,,41.2620335,69.3169697,bus
Fayziobod kochasi,,41.2621519,69.3170924,bus
Jarqo'rg'on ko'chasi,,41.2659001,69.3148658,bus
Farg'ona bozori,,41.2727805,69.3107963,bus
Elektroapparat,,41.2801022,69.3071162,bus
O'zbekiston qog'ozi,,41.2856588,69.3040785,bus
Teplovoz deposi,,41.2923471,69.2988112,bus
Toshkent metro bekati,,41.2938774,69.2883953,bus
Автошкола,,41.2662544,69.1894811,bus
Гузаль,,41.2873184,69.3601252,bus
Улица Миришкор,,41.3272893,69.3496191,bus
Улица Миришкор,,41.3269645,69.3492663,bus
Улица Салом,,41.323705,69.3471263,bus
ПродМаг,,41.3238524,69.3476023,bus
Xalqlar Doʻstligi metro bekati,,41.3113753,69.2402376,bus
,,41.3080037,69.302823,bus
Паркентский рынок,,41.3149145,69.3255107,bus
,,41.3153462,69.3097683,bus
Институт Усовершенствования Врачей,,41.31662,69.3172037,bus
Elbek ko'chasi,,41.2993545,69.296602,bus
,,41.3155507,69.3211781,bus
,,41.2830191,69.2022531,bus
"Оптовый ""Катартал""",,41.2924541,69.2122373,bus
22 поликлиника,,41.3011339,69.2095517,bus
,,41.3052149,69.3306347,bus
ToshMI,,41.348568,69.1750027,bus
Tibbiyot akademiyasi klinikasi,,41.3491412,69.1774349,bus
,,41.3046487,69.3408687,bus
,,41.2970344,69.351723,bus
Махалля Садиий,,41.263656,69.2345296,bus
,,41.3052891,69.2079266,bus
Аквапарк,,41.3382098,69.2852496,bus
Универсам,,41.3350764,69.3690549,bus
Дустлик 2,,41.191908,69.2076511,bus
,,41.2031468,69.2238626,bus
,,41.1994061,69.2271872,bus
Дустлик,,41.1950328,69.2155643,bus
Магазин Феруза,,41.2035038,69.2248582,bus
Туризм,,41.1928136,69.2093,bus
,,41.1931837,69.2198794,bus
,,41.2055492,69.2298615,bus
12 автопарк,,41.1923304,69.2179028,bus
ОВИР,,41.3718018,69.3465377,bus
ОВИР,,41.3715539,69.3466647,bus
Doʻstlik bogʻi,,41.2885705,69.2519066,bus
237-sonli maktab,,41.2605632,69.2546295,bus
237-sonli maktab,,41.2610739,69.2538758,bus
Универсам,,41.3354036,69.3696933,bus
Карасу 2,,41.3314327,69.3652972,bus
Карасу 2,,41.3317496,69.3660749,bus
Аквапарк,,41.3379988,69.2854044,bus
Мухлиса,,41.2652254,69.1596219,bus
Chilonzor dahasi 31-mavze,,41.2632103,69.1552447,bus
OʻzSamsung,,41.2611783,69.1688279,bus
,,41.2624959,69.1635474,bus
Chilonzor dahasi 31-mavze,,41.2637287,69.1544935,bus
Chilonzor dahasi 31-mavze,,41.2628079,69.15391,bus
Академия милиции,,41.3292291,69.3617412,bus
Улица,,41.3270212,69.3593144,bus
Улица Шарк Тонги,,41.3006344,69.2273645,bus
Yotoqxona,,41.3577875,69.3818804,bus
Bolalar sanatoriysi,,41.3509577,69.3814829,bus
,,41.3506986,69.3796707,bus
Qurilish tresti,,41.2459301,69.3587082,bus
2 брата,,41.2075982,69.2262577,bus
Сергели 1,,41.2034532,69.2158243,bus
2 брата,,41.2076715,69.2257852,bus
Сергели 1,,41.2031152,69.2153274,bus
,,41.2579145,69.1597714,bus
Jarrohlik markazi,,41.2696384,69.2108539,bus
,,41.2640748,69.207383,bus
Домбрабад Памятник,,41.2630441,69.2067587,bus
остановка,,41.2909619,69.2104507,bus
Остановка,,41.3530816,69.1980872,bus
Sayohat ko'chasi,,41.3275814,69.3386361,bus
Jumamasjid ko'chasi,,41.3716589,69.275406,bus
Политехнический колледж,,41.2096507,69.2302762,bus
,,41.3532903,69.2974819,bus
Ko'rgazma zali,,41.308763,69.2671232,bus
Koʻrgazma zali,,41.3100965,69.2656859,bus
Koʻrgazma zali,,41.3100472,69.2679073,bus
Fahriylar choyxonasi,,41.3658445,69.2934305,bus
Xalq sudi,,41.2820603,69.2551998,bus
улица Саида Барака,,41.2964553,69.2815675,bus
Музыкальный лицей им. Успенского,,41.306994,69.2915432,bus
Институт Усовершенствования Врачей,,41.3173594,69.3156813,bus
Shifokorlar malakasini oshirish instituti,,41.3165382,69.316085,bus
,,41.3099668,69.3226153,bus
Клиника Каллисто,,41.3125051,69.3151881,bus
,,41.2008738,69.2180623,bus
Заправка,,41.1651681,69.0572373,bus
Заправка,,41.1654429,69.0582394,bus
Слонима 2,,41.2840025,69.3360275,bus
Стоянка КАРАКАЛПАК,,41.2275138,69.1524296,bus
Ташкентская медицинская академия № 1,,41.307051,69.2994292,bus
TashMU-1,,41.3067124,69.300459,bus
39 Yotoqxona,,41.3729665,69.320064,bus
,,41.3689087,69.3087169,bus
544-sonli bolalar bogʻchasi,,41.3655966,69.3004514,bus
Yunusobod dehqon bozori,,41.3629395,69.2886341,bus
Yunusobod dehqon bozori,,41.3631865,69.2880068,bus
Universam,,41.3640972,69.2865975,bus
Yunusobod dahasi 8-mavze,,41.3695238,69.2800087,bus
Mebel do'koni,,41.3660108,69.2859631,bus
Mebel do'koni,,41.3676422,69.2841038,bus
Mebel do'koni,,41.3674739,69.28414,bus
Yunusobod dahasi 8-mavze,,41.3690858,69.2806389,bus
12-sonli poliklinika,,41.3706397,69.3110914,bus
12-sonli poliklinika,,41.3700916,69.3123978,bus
,,41.3605806,69.2777739,bus
2 JBI zavod,,41.2452496,69.3430747,bus
Pochta,,41.252773,69.3231612,bus
Islom Ota masjidi,,41.2767048,69.3086178,bus
Qo'yliq markaz 3,,41.2421259,69.3283335,bus
Ул. Баку,,41.2876286,69.3031511,bus
,,41.3633103,69.2751117,bus
,,41.3643225,69.2742526,bus
,,41.2400151,69.1385223,bus
,,41.2390725,69.1360393,bus
,,41.3351115,69.292506,bus
,,41.3109684,69.3272518,bus
ДТМ центр,,41.3395519,69.2898953,bus
Buyuk Ipak Yo'li metro bekati,,41.326913,69.3268758,bus
,,41.2544051,69.1971147,bus
Savdo markazi,,41.3616706,69.2813887,bus
O'zbekiston qog'ozi,,41.2859195,69.3037187,bus
Яшнабадский военкомат,,41.2897825,69.3586792,bus
Jarqo'rg'on ko'chasi,,41.2670402,69.3166335,bus
Turkiston metro bekati,,41.3760035,69.2959352,bus
Gulqog'ozlar do'koni,,41.3546055,69.3680135,bus
Do'kon,,41.278428,69.3411111,bus
Шолохова,,41.2902877,69.3561747,bus
Yog'-moy kombinati,,41.2712987,69.3296552,bus
TKX zavodi,,41.2751431,69.3357531,bus
Do'kon,,41.2789873,69.3414147,bus
Asalobod mahallasi,,41.2819727,69.3402476,bus
Yog'-moy kombinati,,41.2728136,69.3321442,bus
TKX zavodi,,41.2751667,69.3359013,bus
Asalobod mahallasi,,41.282454,69.3400485,bus
Do'kon,,41.2780528,69.3417879,bus
Oqdaryo tor ko'chasi,,41.2680007,69.3195965,bus
Oqdaryo tor ko'chasi,,41.2683532,69.3209991,bus
3-sonli poliklinika,,41.2691616,69.3236431,bus
3-sonli poliklinika,,41.2694411,69.3249207,bus
Sayohat ko'chasi,,41.3275361,69.339637,bus
Chimyon do'koni,,41.3501602,69.3530634,bus
"""Vatan"" kinoteatri",,41.2771747,69.1723169,bus
квартал Бодомзор,,41.3402458,69.2948349,bus
,,41.3162906,69.209978,bus
,,41.3171531,69.210152,bus
Operetta teatri,,41.2844522,69.2085274,bus
квартал Бодомзор,,41.3391397,69.2931612,bus
Transport universiteti,,41.2731413,69.2782691,bus
Transport universiteti,,41.2733806,69.2779369,bus
,,41.2715118,69.2788063,bus
Qurilish tresti,,41.246457,69.3611321,bus
1М,,41.3206839,69.3546895,bus
"21,49,78м,99м,73м,19м,369м",,41.3204851,69.3608878,bus
Smsti,,41.2712676,69.2295267,bus
Ko'zi ojizlar kutubxonasi,,41.2877256,69.1718707,bus
Ko'zi ojizlar kutubxonasi,,41.2874119,69.171842,bus
Chilonzor dahasi 23-mavze,,41.2887214,69.1823749,bus
,,41.3308272,69.2686384,bus
,,41.3299764,69.2641722,bus
Темир йулчилар шифохонаси,,41.3013719,69.3053518,bus
Темир йулчилар шифохонаси,,41.3011721,69.3054214,bus
Олтин курган,,41.3167028,69.3554772,bus
Олтин курган,,41.3163318,69.3556876,bus
,,41.2573425,69.3797218,bus
Suvsoz dahasi 2-mavze,,41.2548579,69.3751688,bus
Suvsoz dahasi 2-mavze,,41.2551458,69.3754502,bus
Mebellar do'koni,,41.2453472,69.3100069,bus
Mustaqillik maydoni,,41.318578,69.2726004,bus
Qurilish ko'chasi,,41.268355,69.1474791,bus
Qurilish ko'chasi,,41.2679743,69.1481514,bus
"""25:19""",,41.3210704,69.3624266,bus
,,41.3710265,69.2650881,bus
PMI klinikasi,,41.3638959,69.3323936,bus
Maishiy xizmat uyi,,41.3436773,69.3448432,bus
17-лицей,,41.3318098,69.3119652,bus
Школа Интерат,,41.2595761,69.2052061,bus
Школа Интернат,,41.2587999,69.2049332,bus
Chilonzor SM,,41.2833885,69.2241691,bus
Oqtepa,,41.3603046,69.3161234,bus
,,41.3571924,69.3147896,bus
Кладбище,,41.3639315,69.3184849,bus
Махалля Актепа,,41.3653437,69.3208883,bus
Школа № 274,,41.3669599,69.3234063,bus
Oqtepa 7-tor ko'chasi,,41.368998,69.3254987,bus
"Медицинский колледж, Охунбабаев",,41.3423993,69.2659814,bus
Медицинский колледж,,41.3426419,69.2657108,bus
,,41.2783309,69.2183129,bus
Таможенный комитет,,41.2686181,69.2014172,bus
Улица Хамдам,,41.3009915,69.2028297,bus
Улица Увайси,,41.3010765,69.20684,bus
Biliol Nozim ko'chasi,,41.2391903,69.3467313,bus
Академгородок,,41.3387831,69.3384735,bus
Ипподром,,41.2469032,69.1769074,bus
Uzavtosanoat,,41.3060941,69.2787971,bus
Yulduz ICHB,,41.3223384,69.2823747,bus
Yuridik universiteti,,41.3141719,69.2802857,bus
Amir Temur skveri,,41.3095224,69.2795789,bus
Niezbek yuli,,41.3250114,69.2825948,bus
Amir Temur skveri,,41.3074311,69.2788266,bus
Milliy Bogʻ metro bekati,,41.3052405,69.2356906,bus
Торговый комплекс Бек Топи,,41.2528629,69.1612128,bus
Smsti,,41.2714047,69.2292281,bus
Neftegaz AYOQSH,,41.3565889,69.3090763,bus
Forozen,,41.3508841,69.318769,bus
,,41.3720522,69.2870699,bus
,,41.384048,69.2905912,bus
Узавтойул,,41.3198692,69.2998451,bus
Al-Xorazmiy dahasi,,41.2608476,69.1496835,bus
Ginekologiya instituti,,41.3551649,69.3578698,bus
Авангард,,41.1651599,69.3274293,bus
20 лет,,41.1587529,69.34355,bus
Авангард,,41.1633852,69.3319258,bus
Ленин,,41.1551896,69.3525284,bus
Янги махалля,,41.1693799,69.3282727,bus
"""Синтетика"" магазин",,41.2885068,69.2077547,bus
7 проезд Октепа,,41.3692164,69.3245762,bus
Школа № 274,,41.3668074,69.3229606,bus
7 проезд Октепа,,41.3691055,69.3246811,bus
Кладбище,,41.3638769,69.3185823,bus
Махалля Актепа,,41.3653498,69.32067,bus
Buyuk Ipak Yo'li metro bekati,,41.326232,69.3300617,bus
Mirzo Ulug'bek metro bekati,,41.2828714,69.2114199,bus
Пионерская (Пьяный угол),,41.2743972,69.2246347,bus
Qozirabod mahallasi,,41.279173,69.2183662,bus
Пионерская (Пьяный угол),,41.2751146,69.2234011,bus
Массив Аль-Хорезми-1,,41.2570102,69.1547233,bus
Qo'yliq dahasi 4-mavze,,41.245354,69.3016896,bus
Sobir Rahimov,,41.2563368,69.195736,bus
,,41.2107011,69.1905428,bus
,,41.2099653,69.1897715,bus
,,41.1880367,69.1941626,bus
,,41.1871965,69.1943703,bus
,,41.1921205,69.1901473,bus
,,41.1928805,69.1896513,bus
Shifokorlar malakasini oshirish instituti,,41.3174177,69.3171228,bus
Конечная Маршрутки 105,,41.2858329,69.3459884,bus
Троллейбусный круг.,,41.265717,69.1771953,bus
Джарарык,,41.3393031,69.1751843,bus
Tibbiyot akademiyasi klinikasi,,41.3487019,69.1784124,bus
,,41.3632376,69.1875116,bus
Paxtachi koʻchasi,,41.3487518,69.193807,bus
Nukus ko'chasi,,41.3008497,69.2898192,bus
Лицей,,41.2545985,69.3282016,bus
DSK 1,,41.2518743,69.3447764,bus
,,41.3678056,69.2697188,bus
Tinchlik ko‘chasi,,41.3371065,69.2109731,bus
,,41.3390117,69.3829369,bus
Madaniyat instituti,,41.3474071,69.3487842,bus
Жавохир докон,,41.3285108,69.3800896,bus
,,41.3300225,69.375004,bus
,,41.3105209,69.2530137,bus
1-shahar shifoxonasi,,41.321851,69.2215276,bus
Yakkasaroy TIIB,,41.2719375,69.2593396,bus
Mirobod tuman IIB,,41.2721528,69.2849692,bus
Чиланзар 18,,41.2743753,69.1942257,bus
Mirishkor ko'chasi,,41.3299151,69.3468944,bus
Mirishkor ko'chasi,,41.3293489,69.3464803,bus
205-sonli maktab,,41.3576236,69.3676272,bus
Gulqog'ozlar do'koni,,41.3543692,69.3697167,bus
205-sonli maktab,,41.3572639,69.3680881,bus
Охунбобоев махалла,,41.3859116,69.2262358,bus
Улица Газалкент,,41.329626,69.3540621,bus
Suvsoz dahasi 1-mavze,,41.2515755,69.3704551,bus
Детский сад,,41.3536851,69.2748797,bus
,,41.194235,69.2227659,bus
,,41.1967356,69.2288813,bus
,,41.1976243,69.2283726,bus
,,41.2002925,69.226503,bus
Бешкурган,,41.386995,69.2773786,bus
Zarbdar ko`chasi,,41.349529,69.1826375,bus
Tongi bog‘bonchilik xo‘jaligi,,41.3486651,69.1981223,bus
Muqimiy ko'chasi,,41.2774894,69.244621,bus
Bektemir tumani hokimligi,,41.2348258,69.3378064,bus
Бектемирское РОВД,,41.2363983,69.3517322,bus
Бектемирское РОВД,,41.2363734,69.3522401,bus
,,41.2324388,69.3462949,bus
,,41.2321803,69.3459986,bus
Aloqa bog'lanmasi,,41.2431664,69.351725,bus
Bektemir tumani hokimligi,,41.233964,69.3359177,bus
"""Vatan"" kinoteatri",,41.2768212,69.1731406,bus
Sport tovarlari do'koni,,41.2957248,69.2156782,bus
Sport tovarlari do'koni,,41.2959654,69.2169937,bus
Sport tovarlari do'koni,,41.2967107,69.2161582,bus
,,41.1665786,69.2450584,bus
,,41.1659516,69.2464897,bus
Shuhrat do'koni,,41.2796202,69.1989247,bus
Shuhrat do'koni,,41.2779956,69.1972079,bus
Shuhrat do'koni,,41.2783607,69.1985814,bus
МЕТРО МИНОР,,41.326278,69.283083,bus
Issiqlik kombinati,,41.3771585,69.3209489,bus
Nuroniy oromgoxi,,41.3797638,69.3171687,bus
Yunusobod mavzesi 2-daha,,41.358889,69.2890205,bus
Д2,,41.3590043,69.2893942,bus
Issiqlik kombinati,,41.377516,69.3209844,bus
G'ofur G'ulom ko'chasi,,41.3770252,69.3127578,bus
Choponata maxalasi,,41.2916261,69.1935105,bus
Choponata maxalasi,,41.2913762,69.1923537,bus
Ko'rlar jamiyati madaniyat saroyi,,41.2924934,69.1987841,bus
Ko'rlar jamiyati madaniyat saroyi,,41.2926949,69.1989124,bus
Катартал,,41.2868823,69.2061966,bus
"Оптовый ""Катартал""",,41.2928553,69.21253,bus
"3 квартал, Муким-Чиланзарская",,41.2877096,69.2286711,bus
Текстиль,,41.2789673,69.2467031,bus
Janubiy vokzal,,41.2593912,69.2244025,bus
Darxon maydoni,,41.329817,69.3052493,bus
,,41.3238735,69.3035418,bus
Qo'yliq markaz 3,,41.2411579,69.3288299,bus
Chorsu bozori,,41.3255713,69.2311303,bus
Автомобильная стоянка,,41.2834802,69.1736109,bus
144-sonli maktab,,41.283225,69.2371485,bus
144-sonli maktab,,41.2831551,69.2377458,bus
Bogʻiboʻston koʻchasi,,41.2633666,69.2223374,bus
173-sonli maktab,,41.2940054,69.2204492,bus
Operetta teatri,,41.2850628,69.2079857,bus
Darxon maydoni,,41.3293802,69.3055865,bus
,,41.3051559,69.3822525,bus
,,41.3051383,69.3831201,bus
Махалля Бахор,,41.2957056,69.391309,bus
Пос. Тузель,,41.3032721,69.3999596,bus
"Автовокзал ""Ташкент""",,41.2567394,69.1927868,bus
Shirin ko'chasi,,41.285276,69.1704842,bus
,,41.3086805,69.3566301,bus
Автобусная Остановка,,41.3508909,69.3179872,bus
"Магазин ""Жемчуг""",,41.3034095,69.2679911,bus
Oybek metrosi,,41.2984831,69.2724319,bus
А билимгох,,41.3320827,69.2692187,bus
,,41.352064,69.2772491,bus
,,41.360219,69.3030363,bus
G'ayratiy ko'chasi,,41.3575137,69.2728569,bus
Yunusobod dehqon bozori,,41.3642053,69.2887037,bus
Универсам,,41.3347878,69.370219,bus
Лицей,,41.3384508,69.3783152,bus
Школа интернат,,41.3391528,69.3703424,bus
Академия милиции,,41.3291924,69.362485,bus
Улица Хушхаво,,41.3270311,69.3583416,bus
Улица Газалкент,,41.3287159,69.3550417,bus
Улица Газалкент,,41.3282119,69.3539132,bus
Институт санитарии,,41.3210893,69.3427078,bus
Chilonzor dahasi 25-mavze,,41.2806053,69.1702766,bus
Mustaqillik maydoni,,41.3183783,69.2714805,bus
Урда,,41.320117,69.2666637,bus
Урда,,41.3200593,69.2661997,bus
Дворец искусств,,41.3209164,69.2574922,bus
Saodat savdo markazi,,41.2844458,69.2537749,bus
Куприк бекати,,41.3862336,69.2147017,bus
,,41.3723341,69.1922093,bus
Шахристон метроси,,41.354464,69.2882792,bus
Uchtepa hokimiyati,,41.2945519,69.1771449,bus
Uchtepa hokimiyati,,41.2943449,69.1771104,bus
,,41.349135,69.3209188,bus
,,41.3591017,69.3044178,bus
,,41.2715426,69.2380399,bus
Shtab,,41.3218882,69.1794564,bus
Центр Мать и Дитя,,41.3151945,69.1623722,bus
Beruniy maydoni,,41.3382738,69.208471,bus
,,41.3186296,69.1707645,bus
,,41.3186556,69.1713407,bus
,,41.3203219,69.1750671,bus
,,41.3204312,69.1759259,bus
,,41.3163,69.1651772,bus
,,41.3163474,69.1648219,bus
,,41.3224476,69.1909033,bus
Xalqlar Doʻstligi metro bekati,,41.3116551,69.2440623,bus
Полтавская,,41.3118371,69.1936159,bus
Пионерлагерь старт,,41.3079413,69.1935447,bus
Пионерлагерь старт,,41.3082567,69.1937435,bus
Посольство Республики Казахстан,,41.3295171,69.2571284,bus
оптовый рынок Сергили,,41.2121301,69.2714353,bus
Xalqlar Doʻstligi metro bekati,,41.3124235,69.2389122,bus
Коммунизм,,41.3610151,69.2252897,bus
,,41.3024061,69.2796735,bus
Сада бекати,,41.2969203,69.0971598,bus
Райсентр (Эшонгузар),,41.2549739,69.157043,bus
Абу Сахий (Тошкент Савдо Маркази),,41.2444849,69.1660042,bus
Бек барака савдо комплекси,,41.2434932,69.1656962,bus
Shokir kanali,,41.2176103,69.210863,bus
Назарбек мост,,41.3056263,69.152134,bus
Назарбек,,41.3070592,69.1364014,bus
Пушкин,,41.3040543,69.1262928,bus
Сапура,,41.3015895,69.1139626,bus
Jarrohlik markazi,,41.2707303,69.2107061,bus
Farhod bozori,,41.2870897,69.1870055,bus
Заготовительная контора,,41.3902589,69.2264929,bus
Заготовительная контора,,41.3896395,69.2267853,bus
,,41.2825643,69.213254,bus
Chilonzor 3-mavzesi,,41.2876739,69.2304441,bus
Жомий Майдони,,41.3546032,69.2536714,bus
,,41.3468246,69.2676219,bus
Такси Нукус,,41.2470605,69.1645307,bus
Такси до города Нукус,,41.2447888,69.1661437,bus
,,41.2441488,69.2566723,bus
Obod mahallasi,,41.2443006,69.2656875,bus
Qo'yliq dahasi 5-mavze,,41.2441965,69.2940934,bus
Suvsoz Nazarbek,,41.3483117,69.3161898,bus
Поликлиника № 10,,41.2173979,69.2192806,bus
Марказ 6-даха,,41.3289244,69.2739823,bus
,,41.3338474,69.263645,bus
,,41.3312371,69.2631657,bus
,,41.326291,69.2642373,bus
,,41.3353475,69.2650636,bus
,,41.3388023,69.2685603,bus
Ko'rlar jamiyati madaniyat saroyi,,41.2935577,69.196794,bus
,,41.3430737,69.2733083,bus
,,41.3430981,69.274151,bus
Chilonzor dahasi 9-mavze,,41.2859641,69.2062458,bus
Chilonzor IIB,,41.2884137,69.2024548,bus
Музей им. А. Навоий,,41.3218816,69.2475964,bus
АЁҚШ,,41.3159521,69.2327494,bus
Oybek uy muzeyi,,41.3423049,69.272965,bus
САДА,,41.2957955,69.0965987,bus
5- стомотология шифохонаси,,41.3329394,69.2925349,bus
,,41.3331072,69.2922897,bus
Тарнов бозори,,41.293777,69.0919372,bus
,,41.3087363,69.3572371,bus
,,41.3140317,69.2361472,bus
Остановка Алмазарский филиал Asia Alliance Bank,,41.3486596,69.2524582,bus
Туберкулёзная,,41.3018962,69.1936727,bus
Туберкулёзная,,41.3020082,69.1940595,bus
1-shahar shifoxonasi,,41.3223047,69.2205177,bus
Taxi Bukhara,,41.2584735,69.1944315,bus
Yunusobod dahasi 14-mavze,,41.3682022,69.3051719,bus
PMI klinikasi,,41.3630378,69.3332838,bus
Maishiy xizmat uyi,,41.3435385,69.3444223,bus
Аллон маҳалласи,,41.3395318,69.2198158,bus
Масжид,,41.3399147,69.2201672,bus
16 йиллик Бекати Янги,,41.3703126,69.1893235,bus
Pochta bekati (Zaytun Evos),,41.2529071,69.3223383,bus
"""Синтетика"" магазин",,41.2885468,69.2079683,bus
89 автобус охири,,41.3340026,69.375485,bus
Ko'rlar jamiyati madaniyat saroyi,,41.2942406,69.198706,bus
Катартал,,41.2855959,69.204615,bus
,,41.2685601,69.2002417,bus
Сада к12,,41.2967229,69.0974348,bus
,,41.3060201,69.3369837,bus
Автобусная остановка,,41.3285986,69.2137969,bus
Автобусная остановка,,41.3296255,69.2153686,bus
Eshonguzar bozori,,41.2558501,69.1575651,bus
Райцентр,,41.2520592,69.1542329,bus
Райцентр,,41.2518223,69.1540783,bus
Mirzo Ulug'bek metro bekati,,41.281334,69.213252,bus
Novza metro bekati,,41.2913088,69.2246785,bus
Chimyon do'koni,,41.3496469,69.3513169,bus
,,41.3130958,69.369678,bus
,,41.3131981,69.3702954,bus
,,41.3151619,69.3749913,bus
,,41.3152859,69.3755698,bus
,,41.3208759,69.3924015,bus
,,41.3208818,69.391767,bus
,,41.3218411,69.3982283,bus
,,41.321843,69.3975841,bus
,,41.2812848,69.210932,bus
Farhod bozori,,41.2859067,69.1865615,bus
,,41.3069475,69.3465147,bus
,,41.3069131,69.3471905,bus
,,41.2783676,69.2171393,bus
Chilonzor dahasi 24-mavze,,41.2812615,69.1798837,bus
ABD,,41.2550748,69.1234525,bus
,,41.3054144,69.3406387,bus
Текстиль комбинат,,41.2758201,69.2447609,bus
,,41.3143293,69.2359369,bus
Beltepa 7-tor ko'chasi,,41.3422511,69.1772812,bus
Masjid,,41.3502277,69.1872677,bus
Tongi bog‘bonchilik xo‘jaligi,,41.3483278,69.197357,bus
Navro'z baxt uyi,,41.3089231,69.2431231,bus
Next savdo markazi,,41.2973283,69.2503372,bus
Issiqlik elektr markazi,,41.2775851,69.2573635,bus
Obirahmat mahallasi,,41.2524937,69.2525967,bus
Qumariq mahallasi,,41.2499448,69.2565614,bus
Paxtachi koʻchasi,,41.3487488,69.1946325,bus
театр Мукимий,,41.3056685,69.246429,bus
Yakkasaroy TIIB,,41.2742022,69.2589015,bus
NBU,,41.3072361,69.2541499,bus
Alisher Navoiy muzeyi,,41.3177777,69.2542327,bus
,,41.3199388,69.2541488,bus
Milliy Akademik Teatr,,41.321762,69.2443216,bus
Hadra Maydoni,,41.3210417,69.2419633,bus
Chorsu Mehmonxonasi,,41.3214099,69.2356769,bus
,,41.319281,69.2267481,bus
,,41.3293264,69.1896589,bus
Поворот,,41.3883106,69.3602474,bus
Поворот,,41.3886458,69.3601524,bus
Nukus ko'chasi,,41.300786,69.2900324,bus
,,41.3201684,69.3077327,bus
,,41.3111078,69.2583523,bus
,,41.3112476,69.2544413,bus
Botkin ko'chasi,,41.3075841,69.3103382,bus
Politologiya instituti,,41.3242388,69.3245498,bus
Sayohat mehmonxonasi,,41.3267745,69.3340529,bus
Давлат консерваторияси,,41.3152015,69.2539859,bus
Монумент мужества,,41.3218917,69.2724822,bus
Webster University in Tashkent,,41.3206284,69.2616951,bus
Oʻzbekiston metrosi,,41.3120859,69.2536221,bus
,,41.2416181,69.1982555,bus
Chorsu bozori,,41.3258444,69.2325234,bus
,,41.3207093,69.2259773,bus
,,41.3326599,69.230064,bus
Аллон маҳалласи,,41.340784,69.2152081,bus
,,41.3308257,69.2324199,bus
Школа №111,,41.3384274,69.2236015,bus
,,41.3334115,69.2293391,bus
Buyuk Ipak Yo'li metro bekati,,41.3263251,69.3294797,bus
AYOQSH,,41.3730038,69.3093538,bus
,,41.2186176,69.1982119,bus
Макаронка,,41.2728163,69.1832564,bus
Макаронка,,41.2728945,69.1832251,bus
,,41.3593475,69.2895029,bus
Хиёбон бекати,,41.416961,69.1798516,bus
,,41.3167015,69.1930618,bus
Buyuk Ipak Yo'li metro bekati,,41.3277564,69.3283084,bus
Qo'yliq dahasi 7-mavze,,41.2442144,69.2686008,bus
Farg'ona bozori,,41.2736963,69.3102942,bus
,,41.3482581,69.2784695,bus
,,41.3414276,69.3001389,bus
,,41.3147195,69.1540092,bus
119-sonli maktab,,41.3408491,69.2482113,bus
Yotoqxona,,41.3577805,69.3824252,bus
Feruza daxasi,,41.354774,69.3636964,bus
6-sonli tug'ruqxona,,41.3098987,69.2869076,bus
12-sonli mavze,,41.354423,69.3741626,bus
Eski Juva maydoni,,41.3295993,69.2400938,bus
,,41.3276506,69.2461301,bus
46 поликлиника,,41.3070934,69.2179991,bus
Колледж гостиничного хозяйства,,41.3047906,69.2151729,bus
,,41.1639364,69.2730612,bus
,,41.1637379,69.27468,bus
,,41.1782734,69.3005681,bus
,,41.1786775,69.3018774,bus
Авиасозлар 4 кв,,41.293715,69.3473941,bus
Авиасозлар 4 кв,,41.2934149,69.3474741,bus
Ул. Икрамова,,41.2742787,69.3430425,bus
Аптека,,41.3002463,69.3470203,bus
Проходная,,41.3502521,69.3895079,bus
Детский сад №15,,41.289938,69.3147876,bus
Gulirayhon ko'chasi,,41.3500247,69.3740969,bus
Gulirayhon ko'chasi,,41.3498148,69.3738053,bus
,,41.3559398,69.3090905,bus
Asbobsozlik zavodi,,41.3536649,69.2991232,bus
Шахристанская,,41.3517187,69.2879876,bus
,,41.3512176,69.2886586,bus
NBU,,41.3084853,69.2566958,bus
,,41.3495988,69.3541857,bus
1 notarial idora,,41.2819556,69.2601068,bus
,,41.2975952,69.2371802,bus
Nevrologiya sanatoriyasi,,41.341261,69.3598751,bus
,,41.2972005,69.257527,bus
Статистическое управление,,41.3232658,69.3155787,bus
Aviasozlar madaniyat uyi,,41.2911069,69.3423252,bus
Aviasozlar madaniyat uyi,,41.2918117,69.3408165,bus
Институт механики,,41.3358024,69.3439091,bus
Институт механики,,41.3351434,69.344246,bus
Akademiklar shaharchasi,,41.3378485,69.3384163,bus
Мухтара Ашрафи,,41.3147103,69.2907586,bus
Музей Мухтара Ашрафи,,41.3125389,69.2917572,bus
Музыкальный лицей им. Успенского,,41.308179,69.2923226,bus
1-й Нукусский проезд,,41.2988812,69.2895935,bus
Farg'ona bozori,,41.2737643,69.310449,bus
Beshyog'och maydoni,,41.3037485,69.2473289,bus
,,41.2893462,69.2583483,bus
,,41.2887989,69.2571263,bus
12-sonli poliklinika,,41.3695676,69.3102969,bus
Xonobod metrosi,,41.2317385,69.2711144,bus
8-ая станция надземного метро,,41.2445632,69.3084733,bus
10-ая станция надземного метро,,41.244655,69.2849679,bus
Киёт,,41.2444928,69.2989584,bus
Qiyot metrosi,,41.2443013,69.3010591,bus
119-sonli maktab,,41.3409504,69.2471765,bus
Uchastka bekati,,41.3432473,69.1205246,bus
Uchastka bekati,,41.3432887,69.1209169,bus
Bog' bekati,,41.3397694,69.1183008,bus
Bog' bekati,,41.3397694,69.1185569,bus
Masjid bekati,,41.3372819,69.1169458,bus
Masjid bekati,,41.3364349,69.1161581,bus
,,41.2989759,69.2323931,bus
Choponota mahallasi,,41.2938731,69.1942863,bus
Tabassum ko'chasi,,41.2437586,69.3272442,bus
Yunusobod dahasi 13-mavze,,41.3693079,69.2931808,bus
,,41.2988743,69.2329631,bus
Sumbula ko'chasi,,41.284085,69.2933627,bus
Sumbula ko'chasi,,41.2841154,69.2935789,bus
AYOQSH,,41.3736187,69.3086336,bus
Foziltepa ko'chasi,,41.2833151,69.1644332,bus
Qorasuv boshqarish jamoa xo'jaligi,,41.2250878,69.2664737,bus
Quruvchi metro mekati,,41.2197952,69.2584983,bus
Somonbozor,,41.2374876,69.3225262,bus
,,41.3379834,69.3397105,bus
Qo‘yliq buyum bozori,,41.2385681,69.3326635,bus
Yangizamon ko'chasi,,41.2711444,69.2865283,bus
Oltinko'l 2-tor ko'chasi,,41.2714668,69.3057057,bus
Экспедиция,,41.2754701,69.3165213,bus
Mexanik zavod,,41.296793,69.3328927,bus
DSK 1,,41.2518631,69.3446525,bus
Шастри,,41.3113571,69.291772,bus
145 Maktab,,41.3028465,69.2871602,bus
145 Maktab,,41.3026782,69.2881195,bus
145 Maktab,,41.3035272,69.2882159,bus
Ипподром,,41.2448116,69.1735878,bus
Ипподром,,41.2427449,69.1723787,bus
Doʻkon,,41.2714905,69.1473326,bus
Улица Ракат,,41.2869001,69.2433315,bus
Улица Ракат,,41.2876083,69.2429387,bus
,,41.3831757,69.2158798,bus
,,41.3585665,69.2113368,bus
Улица Зухры,,41.3019293,69.2228557,bus
Улица Шарк Тонги,,41.3003236,69.2284733,bus
Milliy Akademik Teatr,,41.3220755,69.2444671,bus
Furqat bog'i,,41.2747488,69.2997718,bus
Furqat bog'i,,41.2754021,69.299918,bus
Elektroapparat,,41.2791157,69.3051928,bus
Текстильный институт,,41.284183,69.2437554,bus
Текстильный институт,,41.2839671,69.2435217,bus
Школа № 144,,41.2828834,69.2387549,bus
Farhod yarmarkasi,,41.2829697,69.1911124,bus
Yunusobod Metro stansiyasi,,41.3669139,69.2927298,bus
Chorsu bozori,,41.3247478,69.231239,bus
,,41.2049253,69.2190386,bus
Bozor,,41.2954897,69.3349267,bus
Asalobod mahallasi,,41.2834174,69.3405168,bus
Yangi Turmush mahallasi,,41.220131,69.2021374,bus
,,41.2926989,69.2342335,bus
Eski Chilonzor Koʻchasi,,41.2903948,69.2316868,bus
"""Kinostudiya"" Bekati",,41.2944906,69.2358899,bus
,,41.2891367,69.2304848,bus
Sut Mahsulotlari Kombinati,,41.2916483,69.2333595,bus
Oʻzbekfilm Kinostudiyasi,,41.294315,69.2356065,bus
,,41.2940855,69.2536069,bus
Qoʻyliq-Markaz-1 avto shoh bekati,,41.237332,69.3273366,bus
Стадион,,41.3193221,69.2267625,bus
,,41.3249304,69.2649043,bus
,,41.3692633,69.1988753,bus
Eshonguzar bozori,,41.2557453,69.1566032,bus
,,41.3759612,69.2878854,bus
Chilonzor dahasi 7-mavze,,41.2975533,69.2056976,bus
,,41.3220298,69.2108108,bus
Moskva uylari,,41.2982893,69.1848941,bus
Moskva uylari,,41.2982387,69.1840555,bus
Tez yordam shifoxonasi,,41.2985068,69.1881824,bus
,,41.2979118,69.1929065,bus
,,41.1931624,69.2408931,bus
Sag'bon ko'chasi,,41.3411444,69.2318043,bus
Sariqsuv ko'chasi,,41.3418233,69.2364763,bus
21-sonli poliklinika,,41.3423299,69.2572775,bus
21-sonli poliklinika,,41.3428994,69.2574948,bus
AYoQSh,,41.2542129,69.2490093,bus
237-sonli maktab,,41.2610485,69.2537382,bus
Xalq sudi,,41.2801245,69.2557123,bus
Aloqa ko‘chasi,,41.3348515,69.2142722,bus
Turar joy,,41.3434143,69.1652535,bus
,,41.3202234,69.2342486,bus
,,41.3219381,69.2165293,bus
Ko`kcha masjidi,,41.3220753,69.2069806,bus
,,41.3202138,69.2044017,bus
,,41.3166764,69.2048872,bus
,,41.3136686,69.2074513,bus
,,41.3162886,69.2098278,bus
,,41.3171518,69.2102583,bus
,,41.3170833,69.214244,bus
Fuzuli ko`chasi,,41.319065,69.2141998,bus
,,41.3216231,69.2141505,bus
,,41.3195923,69.2329833,bus
,,41.3215431,69.238763,bus
Temiryo'lchilar poliklinikasi,,41.2874761,69.2830668,bus
,,41.2802596,69.2853789,bus
,,41.2779869,69.2868367,bus
,,41.2763511,69.2869453,bus
,,41.2735027,69.2842001,bus
,,41.269292,69.283612,bus
,,41.2693852,69.2765464,bus
,,41.2719828,69.2798006,bus
,,41.2735068,69.283842,bus
,,41.2767764,69.2870486,bus
,,41.2776986,69.2868595,bus
,,41.2802576,69.2851751,bus
,,41.2905568,69.2783782,bus
Avliyo-Ota ko'chasi,,41.2886008,69.2815246,bus
Temiryo'lchilar poliklinikasi,,41.2866096,69.2818778,bus
Temiryo'lchilar poliklinikasi,,41.2880354,69.2839737,bus
,,41.179019,69.2022379,bus
,,41.1780318,69.202663,bus
,,41.1670399,69.2345079,bus
,,41.1662726,69.2353396,bus
,,41.2026751,69.3336607,bus
,,41.2013434,69.3312463,bus
,,41.2142974,69.3486316,bus
,,41.214798,69.3499465,bus
Uzavtosanoat,,41.3063766,69.2769959,bus
Oʻzbekiston mehmonxonasi,,41.3100744,69.2840646,bus
Botkin ko'chasi,,41.3075096,69.3095054,bus
Sayohat mehmonxonasi,,41.3269391,69.3345502,bus
Durmon yo'li ko'chasi,,41.3325822,69.3503366,bus
Halqa yoʻli,,41.344924,69.3634835,bus
Bolalar sanatoriysi,,41.3506708,69.3794225,bus
TTZ-2,,41.3516936,69.3836617,bus
Gastronom,,41.3522822,69.3879159,bus
ПМК-122,,41.3467464,69.3921697,bus
279 maktab,,41.3446311,69.3886909,bus
Humoyun mavzesi,,41.341248,69.3857002,bus
Humoyun mavzesi,,41.3410638,69.3856251,bus
Районное ГАИ,,41.3444782,69.3855031,bus
279 maktab,,41.3447338,69.388369,bus
ПМК-122,,41.3462888,69.3917294,bus
Проходная,,41.3495865,69.3896887,bus
Gastronom,,41.3520641,69.3878017,bus
Агрошкола,,41.3477351,69.3668161,bus
Halqa yoʻli,,41.3437376,69.3626014,bus
Durmon yo'li ko'chasi,,41.3312801,69.3491498,bus
Sultonali Mashxadi ko'chasi,,41.3133906,69.3145667,bus
Kozna Choponata maxalasi,,41.2894816,69.1899875,bus
Kozna Choponata maxalasi,,41.2899753,69.1900411,bus
Do'kon,,41.2848017,69.1766381,bus
Shirin ko'chasi,,41.2850544,69.171558,bus
Saodat savdo markazi,,41.2846719,69.2528102,bus
Muqimiy ko'chasi,,41.2789542,69.244357,bus
Muqimiy ko'chasi,,41.2784233,69.2458659,bus
Ko'z kasalliklari shifoxonasi,,41.2810477,69.2411003,bus
Vestminster universeteti,,41.3056636,69.2851792,bus
Vestminster universeteti,,41.3072568,69.284914,bus
145 Maktab,,41.3037619,69.2872041,bus
Taras Shevchenko koʻchasi,,41.2947012,69.2825683,bus
Taras Shevchenko koʻchasi,,41.2952231,69.2836559,bus
Mirobod bozori,,41.2916008,69.2778719,bus
Rossiya Federatsiyasining elchixonasi,,41.2870078,69.2715198,bus
Rossiya Federatsiyasining elchixonasi,,41.2867665,69.2708769,bus
Glinka ko'chasi,,41.2838694,69.2645666,bus
Glinka ko'chasi,,41.2846215,69.2665673,bus
1 notarial idora,,41.2815056,69.2583023,bus
Xalq sudi,,41.2808911,69.2564973,bus
NBU sport klubi,,41.3256319,69.3044584,bus
NBU sport klubi,,41.3251248,69.3035321,bus
Kardiologiya markazi,,41.3249031,69.2988939,bus
Gidrometsentr,,41.3270341,69.2902746,bus
Oloy bozori,,41.3187787,69.2812931,bus
6-sonli tug'ruqxona,,41.3087146,69.2857103,bus
Oltinko'l 2-tor ko'chasi,,41.2715104,69.3060672,bus
Sariko'l ko'chasi,,41.2687282,69.2961807,bus
Sariko'l ko'chasi,,41.268319,69.2960773,bus
Sariko'l ko'chasi,,41.2684535,69.2967231,bus
Tallimarjon ko'chasi,,41.2728797,69.2943519,bus
Tallimarjon ko'chasi,,41.2722743,69.2947035,bus
Avtomaktab,,41.2737321,69.2935223,bus
Bozor,,41.2492353,69.301721,bus
Tolariq ko'chasi,,41.2556613,69.3195196,bus
1-ATP,,41.2437805,69.2769782,bus
Qo'yliq dahasi 7-mavze,,41.244476,69.2677702,bus
Qo'yliq dahasi 7-mavze,,41.2442932,69.268595,bus
Qo'yliq dahasi 7-mavze,,41.2445495,69.2677635,bus
Astrobod mahallasi,,41.244281,69.2733559,bus
Astrobod mahallasi,,41.2444512,69.2727041,bus
1-ATP,,41.2442636,69.2782818,bus
1-ATP,,41.2444299,69.2769178,bus
Tolarik metro bekati,,41.2443542,69.2831042,bus
Tolarik metro bekati,,41.2442194,69.2845863,bus
Qo'yliq dahasi 6-mavze,,41.2442098,69.288214,bus
Islom Ota masjidi,,41.2760485,69.3091998,bus
Yuridik universiteti,,41.3153272,69.2794194,bus
Toshkent quvur zavodi,,41.2071619,69.2682116,bus
Quruvchilar dahasi,,41.2131403,69.2625943,bus
Quruvchilar dahasi,,41.2135503,69.262515,bus
Quruvchi metro mekati,,41.221316,69.2593285,bus
Qorasuv boshqarish jamoa xo'jaligi,,41.2251247,69.2667632,bus
Xonobod metrosi,,41.231274,69.2707041,bus
Yangi Turmush ko'chasi,,41.2354782,69.2729961,bus
Yangi Turmush ko'chasi,,41.2347484,69.2724621,bus
68-poliklinika,,41.2390321,69.2747724,bus
68-poliklinika,,41.2383724,69.2742772,bus
Sariqsuv ko'chasi,,41.3417578,69.237797,bus
Qorasaroy koʻchasi,,41.3415214,69.2429552,bus
Qorasaroy koʻchasi,,41.3418316,69.2412142,bus
Sag'bon ko'chasi,,41.3416055,69.2308727,bus
Sag'bon ko'chasi,,41.3404818,69.2313379,bus
111-maktab,,41.3384694,69.2251173,bus
111-maktab,,41.3375828,69.2234065,bus
,,41.3216187,69.2387626,bus
G'ayratiy ko'chasi,,41.3579957,69.2734159,bus
Taxtapul ko'chasi,,41.338921,69.2547183,bus
Taxtapul ko'chasi,,41.3389885,69.2574884,bus
Universam,,41.3640099,69.2866609,bus
Savdo markazi,,41.3623122,69.2841186,bus
Yunusobod Metro stansiyasi,,41.3667868,69.2910444,bus
Yunusobod Metro stansiyasi,,41.3673745,69.2929654,bus
Gulqog'ozlar do'koni,,41.3549333,69.3689098,bus
,,41.3578119,69.3862601,bus
,,41.3593593,69.3856008,bus
Navroʻz bozori,,41.3542878,69.3877963,bus
Navroʻz bozori,,41.3541736,69.3879668,bus
4-sonli taksopark,,41.3593748,69.361423,bus
4-sonli taksopark,,41.3597663,69.3618356,bus
Ginekologiya instituti,,41.3548815,69.356512,bus
,,41.3564553,69.3583469,bus
Chimyon do'koni,,41.3497142,69.3512219,bus
Chimyon do'koni,,41.3512815,69.3528967,bus
Chimyon do'koni,,41.3510908,69.3518702,bus
Махалля Богимайдон,,41.3531218,69.3483051,bus
Махалля Богимайдон,,41.3537982,69.347438,bus
ToshGRES mavzesi,,41.3587997,69.3389426,bus
ToshGRES mavzesi,,41.3588337,69.3396049,bus
Oqtepa 7-tor ko'chasi,,41.3690891,69.3256449,bus
Yunusobod dahasi 19-mavze,,41.3731634,69.3227589,bus
Yunusobod dahasi 19-mavze,,41.3740172,69.3225634,bus
39 Yotoqxona,,41.3728771,69.3205993,bus
12-sonli poliklinika,,41.3691786,69.3118255,bus
Yunusobod dahasi 12-mavze,,41.3814003,69.2966469,bus
Yunusobod dahasi 12-mavze,,41.3817718,69.2977525,bus
122-sonli maktab,,41.3660172,69.3139952,bus
122-sonli maktab,,41.3653525,69.3135263,bus
Yunusobod dahasi 17-mavze,,41.3638049,69.3103154,bus
Mebel do'koni,,41.3681115,69.2859446,bus
Jumamasjid ko'chasi,,41.3724827,69.2747116,bus
,,41.3758673,69.270971,bus
,,41.3750599,69.2705285,bus
,,41.3750461,69.2718554,bus
,,41.3720575,69.2639414,bus
Yunusobod dahasi 6-mavze,,41.3669061,69.2654751,bus
Nuroniy oromgoxi,,41.3797306,69.3167685,bus
G'ofur G'ulom ko'chasi,,41.3776123,69.3133623,bus
Yunusobod dahasi 17-mavze,,41.3688481,69.3087998,bus
Yunusobod dahasi 14-mavze,,41.3680548,69.3054205,bus
5-sonli bolalar kasalxonasi,,41.3628421,69.2981637,bus
5-sonli bolalar kasalxonasi,,41.3636909,69.2987496,bus
Yunusobod dahasi 9-mavze,,41.3736506,69.2773562,bus
259-sonli maktab,,41.3759846,69.2809195,bus
259-sonli maktab,,41.3754495,69.2799736,bus
Yunusobod dahasi 9-mavze,,41.3772557,69.2825651,bus
Yunusobod dahasi 9-mavze,,41.3780794,69.2828326,bus
Yunusobod dahasi 9-mavze,,41.378019,69.2823613,bus
Yunusobod dahasi 9-mavze,,41.3778074,69.2820672,bus
Канал Каракамыш,,41.3803892,69.2802398,bus
Канал Каракамыш,,41.3808087,69.2804009,bus
Yunusobod dahasi 10-mavze,,41.3832375,69.2842313,bus
Yunusobod dahasi 10-mavze,,41.3826923,69.2833976,bus
Sergeli dahasi 10-mavze,,41.205696,69.1926663,bus
Sverdlovsk uylari,,41.2924615,69.1788127,bus
Shirin ko'chasi,,41.2855061,69.1711386,bus
Bogʻiboʻston koʻchasi,,41.2634196,69.2230296,bus
Chilonzor metro bekati,,41.2742193,69.2040975,bus
Chilonzor metro bekati,,41.2750017,69.2055477,bus
Sergeli dahasi 10-mavze,,41.207003,69.1914523,bus
Sergeli dahasi 10-mavze,,41.2056665,69.1925522,bus
Oriyat mahallasi,,41.2089936,69.1941015,bus
Oriyat mahallasi,,41.2092459,69.1943075,bus
Yangihayot mahallasi,,41.2135139,69.1978007,bus
Yangihayot mahallasi,,41.2135975,69.1978694,bus
Sergeli dahasi 9-mavze,,41.2169937,69.1999466,bus
,,41.2182193,69.1988198,bus
Yangi Turmush mahallasi,,41.2202982,69.2028361,bus
Sergeli dahasi 7-mavze,,41.2214416,69.207864,bus
Sergeli dahasi 7-mavze,,41.2219122,69.2067893,bus
Shokir kanali,,41.21836,69.2106809,bus
Oʻzgarish mavzesi,,41.2157862,69.2125536,bus
Поликлиника № 10,,41.2168355,69.2174766,bus
Sirg'ali tuman hokimiyati,,41.2190072,69.2233962,bus
Sirg'ali dahasi 8-mavse,,41.2232336,69.2221785,bus
Sirg'ali dahasi 8-mavse,,41.2244556,69.2212246,bus
A. Navoiy jamoa xo'jaligi,,41.2403015,69.2156077,bus
Toshkent MUM,,41.3082143,69.2703317,bus
Chilonzor dahasi 7-mavze,,41.2978081,69.2057746,bus
Novza metro bekati,,41.2925842,69.2244593,bus
Chilonzor dahasi 24-mavze,,41.2807756,69.1812649,bus
Chilonzor dahasi 24-mavze,,41.2807775,69.181397,bus
"""Vatan"" kinoteatri",,41.276134,69.1728465,bus
"""Vatan"" kinoteatri",,41.2765258,69.1715575,bus
Chilonzor dahasi 25-mavze,,41.2799368,69.1705425,bus
,,41.2950203,69.2673162,bus
Beshyog'och maydoni,,41.3049432,69.2470055,bus
Saodat savdo markazi,,41.2864013,69.2547984,bus
Mahalliy havo yo'llari aeroporti,,41.2494097,69.2675842,bus
Mahalliy havo yo'llari aeroporti,,41.2494147,69.2676748,bus
Проходная,,41.2768341,69.3025675,bus
Uysozlar tor ko'chasi,,41.2467404,69.3430385,bus
AYoQSh,,41.2432519,69.3379498,bus
Завод ЖБИ-1,,41.2489149,69.3415863,bus
Chashma ko‘chasi,,41.2559263,69.3319597,bus
Chashma ko‘chasi,,41.2560585,69.3323387,bus
Проходная,,41.277513,69.3034706,bus
Furqat bog'i,,41.274747,69.300487,bus
Furqat bog'i,,41.2755183,69.3007981,bus
Yangizamon ko'chasi,,41.2712711,69.2862185,bus
Mirobod tuman IIB,,41.2721708,69.2850917,bus
Izza mavzesi,,41.2756203,69.1472965,bus
Izza mavzesi,,41.2755565,69.147303,bus
Izza mavzesi,,41.2754927,69.1473092,bus
Izza mavzesi,,41.2754285,69.1473146,bus
Izza mavzesi,,41.2753644,69.1473202,bus
Chilonzor dahasi 12-mavze,,41.296899,69.1796227,bus
Chilonzor dahasi 12-mavze,,41.2972049,69.1804366,bus
Tez yordam shifoxonasi,,41.2983433,69.1888123,bus
Zarkent ​ ko'chasi,,41.3006143,69.217225,bus
Zarkent ​ ko'chasi,,41.3006573,69.216268,bus
Улица Зухры,,41.3017306,69.2219848,bus
Doʻkon,,41.2725683,69.1472636,bus
Chilonzor dahasi 30-mavze,,41.2694686,69.1526175,bus
ATS,,41.2667478,69.1534882,bus
Chilonzor dahasi 31-mavze,,41.2625943,69.1547358,bus
Al-Xorazmiy dahasi,,41.2615343,69.1503955,bus
Массив Аль-Хорезми-1,,41.2566153,69.1552725,bus
Doʻkon,,41.2581418,69.1600143,bus
Doʻkon,,41.2572841,69.1589228,bus
Массив Аль-Хорезми-2,,41.2593569,69.1611266,bus
Массив Аль-Хорезми-2,,41.2604805,69.162515,bus
OʻzSamsung,,41.2607277,69.167534,bus
Dilband ko'chasi,,41.2639737,69.17148,bus
Dilband ko'chasi,,41.2635659,69.170832,bus
Hakimxon ko'chasi,,41.2657867,69.1732469,bus
Hakimxon ko'chasi,,41.2654545,69.1727459,bus
Kizil shark mahallasi,,41.2716112,69.1692584,bus
"""Depo Mall"" savdo markazi",,41.2737804,69.1669136,bus
Beshyog'och maydoni,,41.3052336,69.2493322,bus
Milliy Bogʻ metro bekati,,41.3043208,69.235855,bus
ATS,,41.2661566,69.1536027,bus
Chilonzor dahasi 30-mavze,,41.2689997,69.152677,bus
Suvsoz stadioni,,41.2566657,69.3777564,bus
Mebellar uyi,,41.2493564,69.3669644,bus
Mebellar uyi,,41.2495589,69.3671962,bus
Aloqa bog'lanmasi,,41.2435025,69.352194,bus
Biliol Nozim ko'chasi,,41.2388646,69.3465662,bus
O'quv kombinat,,41.2371877,69.3437057,bus
O'quv kombinat,,41.2367365,69.3427061,bus
Tabassum ko'chasi,,41.2448717,69.3267942,bus
Munis ko'chasi,,41.2486425,69.3246675,bus
Munis ko'chasi,,41.246557,69.3255021,bus
Elektroapparat,,41.2807731,69.3049372,bus
Sayxun ko'chasi,,41.2846983,69.3002656,bus
Sayxun ko'chasi,,41.2845618,69.3004302,bus
Mehrjon ko'chasi,,41.2823024,69.2958013,bus
Mehrjon ko'chasi,,41.2824311,69.2957768,bus
"Экономический сектор ""Бектемир""",,41.2578577,69.3714208,bus
Traktorsozlar Shaharchasi bekati,,41.3682475,69.3948015,bus
Akademiklar shaharchasi,,41.3395117,69.3401722,bus
Feruza daxasi,,41.3550214,69.3620143,bus
Do'stlik metro bekati,,41.2936743,69.3239056,bus
Qo‘yliq dahasi 1-mavze,,41.247178,69.3097977,bus
Hayot mehmonxonasi,,41.2458,69.3181953,bus
Munis ko'chasi,,41.2472949,69.3239439,bus
Traktorsozlar Shaharchasi bekati,,41.3681839,69.3947756,bus
