title,url,price_raw,price_value,price_currency,location_text,posted_date_raw,posted_date,time_raw,card_id,district_id,district_name
Аренда Тузель1 Докахлеб 111 конечка 1 /2/4,https://www.olx.uz/d/obyavlenie/arenda-tuzel1-dokahleb-111-konechka-1-2-4-ID42q7i.html,400 у.е.,400.0,у.е,,,,,42q7i,22,yashnabad
Трехкомнатная евро квартира в самом центре Ташкента,https://www.olx.uz/d/obyavlenie/trehkomnatnaya-evro-kvartira-v-samom-tsentre-tashkenta-ID3X0Dx.html,850 у.е.,850.0,у.е,,,,,3X0Dx,22,yashnabad
Уютная квартира-студия в аренду в Паркент Плаза,https://www.olx.uz/d/obyavlenie/uyutnaya-kvartira-studiya-v-arendu-v-parkent-plaza-ID4fby6.html,500 у.е.,500.0,у.е,,,,,4fby6,22,yashnabad
Аренда квартиры в ул Махтумкули ЖК Пойтахт Яшнабадском районе  2/8/9,https://www.olx.uz/d/obyavlenie/arenda-kvartiry-v-ul-mahtumkuli-zhk-poytaht-yashnabadskom-rayone-2-8-9-ID4eomi.html,799 у.е.,799.0,у.е,,,,,4eomi,22,yashnabad
Сдается 2х комнатная на Янгиабаде (Тойхона),https://www.olx.uz/d/obyavlenie/sdaetsya-2h-komnatnaya-na-yangiabade-toyhona-ID4aapK.html,450 у.е.,450.0,у.е,,,,,4aapK,22,yashnabad
Паркентский Новостройка сдается новая 3х комнатная!,https://www.olx.uz/d/obyavlenie/parkentskiy-novostroyka-sdaetsya-novaya-3h-komnatnaya-ID3EZk8.html,850 у.е. Договорная,850.0,у.е,,,,,3EZk8,22,yashnabad
Сдается 1 ком Яшнабад Метро Тузель,https://www.olx.uz/d/obyavlenie/sdaetsya-1-kom-yashnabad-metro-tuzel-ID4fbGF.html,300 у.е.,300.0,у.е,,,,,4fbGF,22,yashnabad
[АТ: 1035] 1-комн • 33 м² • этаж 4/4 КАДЫШЕВА,https://www.olx.uz/d/obyavlenie/at-1035-1-komn-33-m-etazh-4-4-kadysheva-ID3zXia.html,450 у.е.,450.0,у.е,,,,,3zXia,22,yashnabad
2-комн - 58 м² - этаж 4/5 Паркентский [МУ: 0001],https://www.olx.uz/d/obyavlenie/2-komn-58-m-etazh-4-5-parkentskiy-mu-0001-ID4bWhw.html,500 у.е.,500.0,у.е,,,,,4bWhw,22,yashnabad
Махтумкули • 2-комн • 65 м² • этаж 4/10 • [УА:0125],https://www.olx.uz/d/obyavlenie/mahtumkuli-2-komn-65-m-etazh-4-10-ua0125-ID4bKaA.html,700 у.е. Договорная,700.0,у.е,,,,,4bKaA,22,yashnabad
Махтумкули • 2-комн • 60 м² • этаж 7/9 • [УА:0123],https://www.olx.uz/d/obyavlenie/mahtumkuli-2-komn-60-m-etazh-7-9-ua0123-ID4bK6n.html,650 у.е. Договорная,650.0,у.е,,,,,4bK6n,22,yashnabad
Кадышева / Лисунова | 1-комн. 7 из 9 | 42 м2 [M:0152],https://www.olx.uz/d/obyavlenie/kadysheva-lisunova-1-komn-7-iz-9-42-m2-m0152-ID3zVUI.html,450 у.е.,450.0,у.е,,,,,3zVUI,22,yashnabad
Кадышева | 2-комн. 3 из 9 | 57 м2 [M:0142],https://www.olx.uz/d/obyavlenie/kadysheva-2-komn-3-iz-9-57-m2-m0142-ID3zX7I.html,500 у.е.,500.0,у.е,,,,,3zX7I,22,yashnabad
Махтумкули ЖК новостройка 2 комнатная квартира йевро люкс,https://www.olx.uz/d/obyavlenie/mahtumkuli-zhk-novostroyka-2-komnatnaya-kvartira-yevro-lyuks-ID3ZmkO.html,600 у.е. Договорная,600.0,у.е,,,,,3ZmkO,22,yashnabad
Аренда квартира для студентов!!!,https://www.olx.uz/d/obyavlenie/arenda-kvartira-dlya-studentov-ID30cA2.html,100 у.е. Договорная,100.0,у.е,,,,,30cA2,22,yashnabad
arenda yengi uy xch kim yawamagan,https://www.olx.uz/d/obyavlenie/arenda-yengi-uy-xch-kim-yawamagan-ID4fblU.html,350 у.е.,350.0,у.е,,,,,4fblU,22,yashnabad
Махтумкули • 2-комн • 65 м² • этаж 6/10 • [УА:0124],https://www.olx.uz/d/obyavlenie/mahtumkuli-2-komn-65-m-etazh-6-10-ua0124-ID4bK9p.html,700 у.е. Договорная,700.0,у.е,,,,,4bK9p,22,yashnabad
Садык Азимова • 2-комн • 60 м² • этаж 3/16 • [УА:0121],https://www.olx.uz/d/obyavlenie/sadyk-azimova-2-komn-60-m-etazh-3-16-ua0121-ID4bK02.html,900 у.е. Договорная,900.0,у.е,,,,,4bK02,22,yashnabad
"ЖК ""Poytaxt Residence"" | 3-комн. 2 из 9 | 66 м2 [M:0096]",https://www.olx.uz/d/obyavlenie/zhk-poytaxt-residence-3-komn-2-iz-9-66-m2-m0096-ID3Lh3x.html,700 у.е.,700.0,у.е,,,,,3Lh3x,22,yashnabad
Махтумкули | 1-комн. 2 из 9 | 45 м2 [M:0147],https://www.olx.uz/d/obyavlenie/mahtumkuli-1-komn-2-iz-9-45-m2-m0147-ID3zTRX.html,500 у.е.,500.0,у.е,,,,,3zTRX,22,yashnabad
[335]  Сдам 2-комн. 2 из 9 Ташсельмаш (Боткина) метро Буюк Ипак Йули,https://www.olx.uz/d/obyavlenie/335-sdam-2-komn-2-iz-9-tashselmash-botkina-metro-buyuk-ipak-yuli-ID2OmQB.html,500 у.е.,500.0,у.е,,,,,2OmQB,22,yashnabad
[335] Сдам 2-комн. 5 из 7 ул. Махтумкули (ЖК Green Park),https://www.olx.uz/d/obyavlenie/335-sdam-2-komn-5-iz-7-ul-mahtumkuli-zhk-green-park-ID2K2lF.html,600 у.е. Договорная,600.0,у.е,,,,,2K2lF,22,yashnabad
Лисунова | 1-комн. 3 из 5 | 52 м2 [M:0144],https://www.olx.uz/d/obyavlenie/lisunova-1-komn-3-iz-5-52-m2-m0144-ID3zVZo.html,500 у.е.,500.0,у.е,,,,,3zVZo,22,yashnabad
(335) Сдам 2-комн. 3 из 9 ул. Махтумкули (Ташсельмаш),https://www.olx.uz/d/obyavlenie/335-sdam-2-komn-3-iz-9-ul-mahtumkuli-tashselmash-ID2PQNL.html,600 у.е.,600.0,у.е,,,,,2PQNL,22,yashnabad
Махтумкули • 2-комн • 60 м² • этаж 5/9 • [УА:0122],https://www.olx.uz/d/obyavlenie/mahtumkuli-2-komn-60-m-etazh-5-9-ua0122-ID4bK3T.html,600 у.е. Договорная,600.0,у.е,,,,,4bK3T,22,yashnabad
Аренда 2/2/4 квартира Гузаль Махалля 40 лет победы,https://www.olx.uz/d/obyavlenie/arenda-2-2-4-kvartira-guzal-mahallya-40-let-pobedy-ID4eNlj.html,470 у.е.,470.0,у.е,,,,,4eNlj,22,yashnabad
Аренда квартиры,https://www.olx.uz/d/obyavlenie/arenda-kvartiry-ID4ezQN.html,1 000 у.е.,1000.0,у.е,,,,,4ezQN,22,yashnabad
Аренда квартиры махтумкули собственик,https://www.olx.uz/d/obyavlenie/arenda-kvartiry-mahtumkuli-sobstvenik-ID4dU0R.html,650 у.е.,650.0,у.е,,,,,4dU0R,22,yashnabad
Сдаётся в аренду квартира,https://www.olx.uz/d/obyavlenie/sdaetsya-v-arendu-kvartira-ID3J4Rf.html,500 у.е.,500.0,у.е,,,,,3J4Rf,22,yashnabad
Аренда квартира на Яшнабадском районе Махтум кулли,https://www.olx.uz/d/obyavlenie/arenda-kvartira-na-yashnabadskom-rayone-mahtum-kulli-ID4dZGx.html,600 у.е.,600.0,у.е,,,,,4dZGx,22,yashnabad
Срочно аренда квартира гринпарк махтумкули ашкабод,https://www.olx.uz/d/obyavlenie/srochno-arenda-kvartira-grinpark-mahtumkuli-ashkabod-ID44HOh.html,500 у.е.,500.0,у.е,,,,,44HOh,22,yashnabad
Yashnobot tumanida arenda kvartira,https://www.olx.uz/d/obyavlenie/yashnobot-tumanida-arenda-kvartira-ID4fb5I.html,300 у.е.,300.0,у.е,,,,,4fb5I,22,yashnabad
Махтумкули 1/5/9 Новостройка Гринпарк,https://www.olx.uz/d/obyavlenie/mahtumkuli-1-5-9-novostroyka-grinpark-ID4eoha.html,500 у.е.,500.0,у.е,,,,,4eoha,22,yashnabad
Аренда квартира на Яшнабадском районе,https://www.olx.uz/d/obyavlenie/arenda-kvartira-na-yashnabadskom-rayone-ID3FMFR.html,450 у.е.,450.0,у.е,,,,,3FMFR,22,yashnabad
Квартира Аренда Лисунова-4 Корзинка 1/2/4,https://www.olx.uz/d/obyavlenie/kvartira-arenda-lisunova-4-korzinka-1-2-4-ID4fbA6.html,140 у.е.,140.0,у.е,,,,,4fbA6,22,yashnabad
Аренда 3 ком Новостройка Newlife Maxtumquli 75m²,https://www.olx.uz/d/obyavlenie/arenda-3-kom-novostroyka-newlife-maxtumquli-75m-ID4eNhY.html,800 у.е.,800.0,у.е,,,,,4eNhY,22,yashnabad
"Аренда 2-х, ЖК «Династия», ул.Паркентская",https://www.olx.uz/d/obyavlenie/arenda-2-h-zhk-dinastiya-ul-parkentskaya-ID41SCo.html,600 у.е.,600.0,у.е,,,,,41SCo,22,yashnabad
Аренда 2/2/4  Гузаль махалля,https://www.olx.uz/d/obyavlenie/arenda-2-2-4-guzal-mahallya-ID4eNhb.html,470 у.е.,470.0,у.е,,,,,4eNhb,22,yashnabad
Срочно сдаю 2 ком евролукус квартира Эльбек,https://www.olx.uz/d/obyavlenie/srochno-sdayu-2-kom-evrolukus-kvartira-elbek-ID4eNh5.html,650 у.е.,650.0,у.е,,,,,4eNh5,22,yashnabad
Японское посольство- Двух токомнатная.,https://www.olx.uz/d/obyavlenie/yaponskoe-posolstvo-dvuh-tokomnatnaya-ID3Q3XW.html,6 500 000 сум Договорная,6500000.0,сум,,,,,3Q3XW,22,yashnabad
"Сдается в вренду квартира 1 этаж жилое и не жилое, два кадастра",https://www.olx.uz/d/obyavlenie/sdaetsya-v-vrendu-kvartira-1-etazh-zhiloe-i-ne-zhiloe-dva-kadastra-ID4f2RH.html,1 200 у.е. Договорная,1200.0,у.е,,,,,4f2RH,22,yashnabad
Аренда  3/2/9 Буюк ипак йули м новостройка,https://www.olx.uz/d/obyavlenie/arenda-3-2-9-buyuk-ipak-yuli-m-novostroyka-ID3ZzEW.html,1 000 у.е.,1000.0,у.е,,,,,3ZzEW,22,yashnabad
Аренда Таш сельмаш 2в3/4/4,https://www.olx.uz/d/obyavlenie/arenda-tash-selmash-2v3-4-4-ID4eocI.html,450 у.е.,450.0,у.е,,,,,4eocI,22,yashnabad
"Аренда 1/3/9 Авиасозлар 2, Кадышева рынок",https://www.olx.uz/d/obyavlenie/arenda-1-3-9-aviasozlar-2-kadysheva-rynok-ID4dZAt.html,350 у.е.,350.0,у.е,,,,,4dZAt,22,yashnabad
Уютная квартира-студия в аренду в Паркент Плаза,https://www.olx.uz/d/obyavlenie/uyutnaya-kvartira-studiya-v-arendu-v-parkent-plaza-ID4fby6.html,500 у.е.,500.0,у.е,,,,,4fby6,22,yashnabad
1-комн люкс | Яшнабод Хосият | 500$,https://www.olx.uz/d/obyavlenie/1-komn-lyuks-yashnabod-hosiyat-500-ID4851e.html,500 у.е.,500.0,у.е,,,,,4851e,22,yashnabad
Аренда 4 ком Новостройка  Паркентский,https://www.olx.uz/d/obyavlenie/arenda-4-kom-novostroyka-parkentskiy-ID4eoaW.html,1 100 у.е.,1100.0,у.е,,,,,4eoaW,22,yashnabad
Махтумкули Аренда в новостройке 1/1/15,https://www.olx.uz/d/obyavlenie/mahtumkuli-arenda-v-novostroyke-1-1-15-ID4eoaR.html,500 у.е.,500.0,у.е,,,,,4eoaR,22,yashnabad
2-комн |  Яшнабод Паркентский | 500$,https://www.olx.uz/d/obyavlenie/2-komn-yashnabod-parkentskiy-500-ID45NM6.html,500 у.е. Договорная,500.0,у.е,,,,,45NM6,22,yashnabad
arenda yengi uy xch kim yawamagan,https://www.olx.uz/d/obyavlenie/arenda-yengi-uy-xch-kim-yawamagan-ID4fblU.html,350 у.е.,350.0,у.е,,,,,4fblU,22,yashnabad
"Сдаётся 2х. ком.квартира, Авиасозлар2",https://www.olx.uz/d/obyavlenie/sdaetsya-2h-kom-kvartira-aviasozlar2-ID4dOZq.html,350 у.е.,350.0,у.е,,,,,4dOZq,22,yashnabad
Сдается квартира | Яшнабад | | Олмос махалла | 3/3/16| 450y.e,https://www.olx.uz/d/obyavlenie/sdaetsya-kvartira-yashnabad-olmos-mahalla-3-3-16-450y-e-ID4b0Ug.html,450 у.е.,450.0,у.е,,,,,4b0Ug,22,yashnabad
Квартира на долгосрочно с удобной локацией.,https://www.olx.uz/d/obyavlenie/kvartira-na-dolgosrochno-s-udobnoy-lokatsiey-ID4f6fp.html,6 000 000 сум,6000000.0,сум,,,,,4f6fp,22,yashnabad
Аренда 2х комнатной квартиры от владельца.,https://www.olx.uz/d/obyavlenie/arenda-2h-komnatnoy-kvartiry-ot-vladeltsa-ID3ZNHo.html,1 000 у.е. Договорная,1000.0,у.е,,,,,3ZNHo,22,yashnabad
Комната в бутик-отеле в центре,https://www.olx.uz/d/obyavlenie/komnata-v-butik-otele-v-tsentre-ID4e7gA.html,450 у.е.,450.0,у.е,,,,,4e7gA,22,yashnabad
Сдается квартира | Яшнабад | Кадышева | 2/2/4,https://www.olx.uz/d/obyavlenie/sdaetsya-kvartira-yashnabad-kadysheva-2-2-4-ID4chJ9.html,450 у.е.,450.0,у.е,,,,,4chJ9,22,yashnabad
New Life! Махтумкули! Сдаётся 2х-комнатная квартира в центре!,https://www.olx.uz/d/obyavlenie/new-life-mahtumkuli-sdaetsya-2h-komnatnaya-kvartira-v-tsentre-ID44lzW.html,550 у.е. Договорная,550.0,у.е,,,,,44lzW,22,yashnabad
Срочно сдам 2 ком/5/9 на Махтумкули Ор-р Технопарк,https://www.olx.uz/d/obyavlenie/srochno-sdam-2-kom-5-9-na-mahtumkuli-or-r-tehnopark-ID38RDL.html,599 у.е. Договорная,599.0,у.е,,,,,38RDL,22,yashnabad
5мин от метро Дустлик!3х комнатная|78м2   АКТ,https://www.olx.uz/d/obyavlenie/5min-ot-metro-dustlik-3h-komnatnaya-78m2-akt-ID4fbpT.html,500 у.е. Договорная,500.0,у.е,,,,,4fbpT,22,yashnabad
Сдается квартира 4комнатная своя  район яшнабад около паркенский базар,https://www.olx.uz/d/obyavlenie/sdaetsya-kvartira-4komnatnaya-svoya-rayon-yashnabad-okolo-parkenskiy-bazar-ID4aFs6.html,800 у.е.,800.0,у.е,,,,,4aFs6,22,yashnabad
"Студентам, парням, девушкам!СРОЧНО АРЕНДА!1 комнатная|Кадышева,Лисунов",https://www.olx.uz/d/obyavlenie/studentam-parnyam-devushkam-srochno-arenda-1-komnatnaya-kadysheva-lisunov-ID4dZqg.html,400 у.е. Договорная,400.0,у.е,,,,,4dZqg,22,yashnabad
Аренда 4 комнатная квартира. Яшнабадский район. Ул Махтумкули.,https://www.olx.uz/d/obyavlenie/arenda-4-komnatnaya-kvartira-yashnabadskiy-rayon-ul-mahtumkuli-ID44NVS.html,1 000 у.е.,1000.0,у.е,,,,,44NVS,22,yashnabad
Сдается квартира | Яшнабад | ЖК Bi Group Авиатор | 1/8/9,https://www.olx.uz/d/obyavlenie/sdaetsya-kvartira-yashnabad-zhk-bi-group-aviator-1-8-9-ID4fbmx.html,700 у.е.,700.0,у.е,,,,,4fbmx,22,yashnabad
Аренда квартира яшнабатском ранее,https://www.olx.uz/d/obyavlenie/arenda-kvartira-yashnabatskom-ranee-ID4aoCQ.html,400 у.е.,400.0,у.е,,,,,4aoCQ,22,yashnabad
Аренда квартира Яшнабад,https://www.olx.uz/d/obyavlenie/arenda-kvartira-yashnabad-ID4aFgE.html,350 у.е.,350.0,у.е,,,,,4aFgE,22,yashnabad
Аренда 160кв банковский дом,https://www.olx.uz/d/obyavlenie/arenda-160kv-bankovskiy-dom-ID4ePe5.html,1 100 у.е. Договорная,1100.0,у.е,,,,,4ePe5,22,yashnabad
Аренда квартира.,https://www.olx.uz/d/obyavlenie/arenda-kvartira-ID3lWdf.html,100 у.е.,100.0,у.е,,,,,3lWdf,22,yashnabad
Квартира аренда 2/2/4,https://www.olx.uz/d/obyavlenie/kvartira-arenda-2-2-4-ID4f0qR.html,400 у.е.,400.0,у.е,,,,,4f0qR,22,yashnabad
Аренда квартира 350$,https://www.olx.uz/d/obyavlenie/arenda-kvartira-350-ID4aFhG.html,350 у.е.,350.0,у.е,,,,,4aFhG,22,yashnabad
Квартира аренда яашнобод тузил 2 метро 3 бекат,https://www.olx.uz/d/obyavlenie/kvartira-arenda-yaashnobod-tuzil-2-metro-3-bekat-ID4fbjT.html,400 у.е. Договорная,400.0,у.е,,,,,4fbjT,22,yashnabad
yashnabod tumani aviasozlarda kvartira ijaraga beriladi,https://www.olx.uz/d/obyavlenie/yashnabod-tumani-aviasozlarda-kvartira-ijaraga-beriladi-ID4f9Us.html,300 у.е.,300.0,у.е,,,,,4f9Us,22,yashnabad
Yashnaobodda 1 xona kv ijaraga beriladi oilaga,https://www.olx.uz/d/obyavlenie/yashnaobodda-1-xona-kv-ijaraga-beriladi-oilaga-ID4f9TG.html,350 у.е.,350.0,у.е,,,,,4f9TG,22,yashnabad
Яшнабадский Ор-р Лисунова-4 Корзинка Дустлик Метро 2-Бекат 1/2/4,https://www.olx.uz/d/obyavlenie/yashnabadskiy-or-r-lisunova-4-korzinka-dustlik-metro-2-bekat-1-2-4-ID4fbbL.html,140 у.е.,140.0,у.е,,,,,4fbbL,22,yashnabad
Сдаётся 4-х комнатный Габус 170м2 На Садык Азимова!,https://www.olx.uz/d/obyavlenie/sdaetsya-4-h-komnatnyy-gabus-170m2-na-sadyk-azimova-ID3ig89.html,1 500 у.е.,1500.0,у.е,,,,,3ig89,22,yashnabad
Аренда Голден Хаус Паркенский Уммон Тойхона,https://www.olx.uz/d/obyavlenie/arenda-golden-haus-parkenskiy-ummon-toyhona-ID4eN2U.html,800 у.е.,800.0,у.е,,,,,4eN2U,22,yashnabad
ЖК Infinity lux квартира,https://www.olx.uz/d/obyavlenie/zhk-infinity-lux-kvartira-ID4eN0Y.html,2 500 у.е.,2500.0,у.е,,,,,4eN0Y,22,yashnabad
"Сдается  ЖК Ассалом Сохил          
Ориентир - парк Ашхабад",https://www.olx.uz/d/obyavlenie/sdaetsya-zhk-assalom-sohil-orientir-park-ashhabad-ID2NEZG.html,750 у.е.,750.0,у.е,,,,,2NEZG,22,yashnabad
Аренда квартира с хазайкой,https://www.olx.uz/d/obyavlenie/arenda-kvartira-s-hazaykoy-ID4fa2W.html,100 у.е.,100.0,у.е,,,,,4fa2W,22,yashnabad
Паркентский  Эвос  2х  600,https://www.olx.uz/d/obyavlenie/parkentskiy-evos-2h-600-ID4f4um.html,600 у.е.,600.0,у.е,,,,,4f4um,22,yashnabad
ЖК АССАЛОМ СОХИЛ 1-7-9 !Посредникам не беспокоить,https://www.olx.uz/d/obyavlenie/zhk-assalom-sohil-1-7-9-posrednikam-ne-bespokoit-ID4farP.html,450 у.е.,450.0,у.е,,,,,4farP,22,yashnabad
Яшнабадский район ЖК новостройка 1² комнатная квартира йевро лукс,https://www.olx.uz/d/obyavlenie/yashnabadskiy-rayon-zhk-novostroyka-1-komnatnaya-kvartira-yevro-luks-ID44Q8z.html,600 у.е. Договорная,600.0,у.е,,,,,44Q8z,22,yashnabad
Сдается квартира по улице Махтумкули,https://www.olx.uz/d/obyavlenie/sdaetsya-kvartira-po-ulitse-mahtumkuli-ID37BqU.html,700 у.е.,700.0,у.е,,,,,37BqU,22,yashnabad
Сдаётся квартира на ЖК Green park авторским ремонтам‼️,https://www.olx.uz/d/obyavlenie/sdaetsya-kvartira-na-zhk-green-park-avtorskim-remontam-ID3WJtg.html,700 у.е.,700.0,у.е,,,,,3WJtg,22,yashnabad
сдается квартира с новым ремонтом,https://www.olx.uz/d/obyavlenie/sdaetsya-kvartira-s-novym-remontom-ID3espy.html,650 у.е.,650.0,у.е,,,,,3espy,22,yashnabad
Doʻstlik metro dubovaya kvartira bollarga,https://www.olx.uz/d/obyavlenie/dostlik-metro-dubovaya-kvartira-bollarga-ID4dipr.html,750 000 сум,750000.0,сум,,,,,4dipr,22,yashnabad
Элегантная 2х комнатная квартира на Паркентском,https://www.olx.uz/d/obyavlenie/elegantnaya-2h-komnatnaya-kvartira-na-parkentskom-ID44DCN.html,590 у.е.,590.0,у.е,,,,,44DCN,22,yashnabad
Сдаётся квартира на ул. Садыка Азимовава‼️,https://www.olx.uz/d/obyavlenie/sdaetsya-kvartira-na-ul-sadyka-azimovava-ID3PJFR.html,600 у.е.,600.0,у.е,,,,,3PJFR,22,yashnabad
Сдается квартира в аренду | Яшнабад | метро Олмос | 1/12/16,https://www.olx.uz/d/obyavlenie/sdaetsya-kvartira-v-arendu-yashnabad-metro-olmos-1-12-16-ID4enOC.html,400 у.е.,400.0,у.е,,,,,4enOC,22,yashnabad
Сдается в аренду  2/8/8  Новостройка  ул.Иззат 450,https://www.olx.uz/d/obyavlenie/sdaetsya-v-arendu-2-8-8-novostroyka-ul-izzat-450-ID4faCA.html,450 у.е.,450.0,у.е,,,,,4faCA,22,yashnabad
Аренда. Новостройка. ЖК Паркент Плаза.Дубдекс. 2-х комнатная квартира,https://www.olx.uz/d/obyavlenie/arenda-novostroyka-zhk-parkent-plaza-dubdeks-2-h-komnatnaya-kvartira-ID4fb9E.html,600 у.е.,600.0,у.е,,,,,4fb9E,22,yashnabad
Аренда квартиры кадышева срочно,https://www.olx.uz/d/obyavlenie/arenda-kvartiry-kadysheva-srochno-ID4ePGJ.html,350 у.е.,350.0,у.е,,,,,4ePGJ,22,yashnabad
Kvartira Arenda Do’stlik metro yaqinida,https://www.olx.uz/d/obyavlenie/kvartira-arenda-dostlik-metro-yaqinida-ID4c3Q4.html,700 000 сум,700000.0,сум,,,,,4c3Q4,22,yashnabad
"Сдаётся 2х. ком.квартира, Авиасозлар2",https://www.olx.uz/d/obyavlenie/sdaetsya-2h-kom-kvartira-aviasozlar2-ID4dOZq.html,350 у.е.,350.0,у.е,,,,,4dOZq,22,yashnabad
Assalomu aleykum,https://www.olx.uz/d/obyavlenie/assalomu-aleykum-ID4ctgT.html,1 200 000 сум Договорная,1200000.0,сум,,,,,4ctgT,22,yashnabad
Яшнобод тумани олмос махаллада ижарага квартира бор,https://www.olx.uz/d/obyavlenie/yashnobod-tumani-olmos-mahallada-izharaga-kvartira-bor-ID4fb8r.html,450 у.е.,450.0,у.е,,,,,4fb8r,22,yashnabad
Паркентский-Новостройка! Сдается новая квартира в элитном комплексе!,https://www.olx.uz/d/obyavlenie/parkentskiy-novostroyka-sdaetsya-novaya-kvartira-v-elitnom-komplekse-ID42Uvw.html,1 000 у.е. Договорная,1000.0,у.е,,,,,42Uvw,22,yashnabad
Срочно Сдаётся квартира кадишва базар 3-комн евро ремонт укомплектован,https://www.olx.uz/d/obyavlenie/srochno-sdaetsya-kvartira-kadishva-bazar-3-komn-evro-remont-ukomplektovan-ID4enKO.html,500 у.е.,500.0,у.е,,,,,4enKO,22,yashnabad
Сдаю долгосрочно в аренду свою кв.ул.Махтумкули,https://www.olx.uz/d/obyavlenie/sdayu-dolgosrochno-v-arendu-svoyu-kv-ul-mahtumkuli-ID3hQzq.html,1 100 у.е.,1100.0,у.е,,,,,3hQzq,22,yashnabad
Аренда квартира Яшнабод,https://www.olx.uz/d/obyavlenie/arenda-kvartira-yashnabod-ID45gNs.html,400 у.е.,400.0,у.е,,,,,45gNs,22,yashnabad
Срочно 2-х комнатная на Лисунова После ремонта,https://www.olx.uz/d/obyavlenie/srochno-2-h-komnatnaya-na-lisunova-posle-remonta-ID3PPIb.html,400 у.е.,400.0,у.е,,,,,3PPIb,22,yashnabad
(057) Сдается срочно!! 1/3/9 на Фергана йули Район: Яшнабадский,https://www.olx.uz/d/obyavlenie/057-sdaetsya-srochno-1-3-9-na-fergana-yuli-rayon-yashnabadskiy-ID3d95v.html,450 у.е.,450.0,у.е,,,,,3d95v,22,yashnabad
Аренда квартира Яшнабод,https://www.olx.uz/d/obyavlenie/arenda-kvartira-yashnabod-ID44jFF.html,500 у.е.,500.0,у.е,,,,,44jFF,22,yashnabad
Сдаю в аренду квартиру,https://www.olx.uz/d/obyavlenie/sdayu-v-arendu-kvartiru-ID43Ntn.html,450 у.е.,450.0,у.е,,,,,43Ntn,22,yashnabad
Аренда евро квартира,https://www.olx.uz/d/obyavlenie/arenda-evro-kvartira-ID4fb5u.html,550 у.е.,550.0,у.е,,,,,4fb5u,22,yashnabad
Сдаётся 3 х комнатная квартира,https://www.olx.uz/d/obyavlenie/sdaetsya-3-h-komnatnaya-kvartira-ID3RZHh.html,800 у.е.,800.0,у.е,,,,,3RZHh,22,yashnabad
"Аренда 2-х, ЖК «Династия», ул.Паркентская",https://www.olx.uz/d/obyavlenie/arenda-2-h-zhk-dinastiya-ul-parkentskaya-ID41SCo.html,600 у.е.,600.0,у.е,,,,,41SCo,22,yashnabad
2 комнатная квартира на Дубовый,https://www.olx.uz/d/obyavlenie/2-komnatnaya-kvartira-na-dubovyy-ID3hKns.html,650 у.е. Договорная,650.0,у.е,,,,,3hKns,22,yashnabad
После ремонта/Кадышева/2/4/10/Sky Builds,https://www.olx.uz/d/obyavlenie/posle-remonta-kadysheva-2-4-10-sky-builds-ID3EiRu.html,600 у.е. Договорная,600.0,у.е,,,,,3EiRu,22,yashnabad
Сдается 3 комнатная квартира в центре Ташкента,https://www.olx.uz/d/obyavlenie/sdaetsya-3-komnatnaya-kvartira-v-tsentre-tashkenta-ID4fb2o.html,600 у.е.,600.0,у.е,,,,,4fb2o,22,yashnabad
Аренда квартира Яшнабод,https://www.olx.uz/d/obyavlenie/arenda-kvartira-yashnabod-ID45NMh.html,550 у.е.,550.0,у.е,,,,,45NMh,22,yashnabad
Аренда квартира Яшнабод,https://www.olx.uz/d/obyavlenie/arenda-kvartira-yashnabod-ID449Sv.html,450 у.е.,450.0,у.е,,,,,449Sv,22,yashnabad
ЖК АССАЛОМ СОХИЛ 1-7-9 !Посредникам не беспокоить,https://www.olx.uz/d/obyavlenie/zhk-assalom-sohil-1-7-9-posrednikam-ne-bespokoit-ID4farP.html,450 у.е.,450.0,у.е,,,,,4farP,22,yashnabad
Сдается 2 комнатная квартира на кадишева,https://www.olx.uz/d/obyavlenie/sdaetsya-2-komnatnaya-kvartira-na-kadisheva-ID4faV1.html,350 у.е.,350.0,у.е,,,,,4faV1,22,yashnabad
Сдается 2 комнатная квартира на кадишева,https://www.olx.uz/d/obyavlenie/sdaetsya-2-komnatnaya-kvartira-na-kadisheva-ID4faW9.html,300 у.е.,300.0,у.е,,,,,4faW9,22,yashnabad
Сдается на Паркентском Голден Хаус,https://www.olx.uz/d/obyavlenie/sdaetsya-na-parkentskom-golden-haus-ID2LUWg.html,800 у.е.,800.0,у.е,,,,,2LUWg,22,yashnabad
Аренда  квартира,https://www.olx.uz/d/obyavlenie/arenda-kvartira-ID4faTN.html,400 у.е.,400.0,у.е,,,,,4faTN,22,yashnabad
Сдаётся 2/3/4 Авиасозлар 3,https://www.olx.uz/d/obyavlenie/sdaetsya-2-3-4-aviasozlar-3-ID4eMGT.html,500 у.е.,500.0,у.е,,,,,4eMGT,22,yashnabad
Аренда | Ижара яшнобод  кадышева бозори  ориентир 3 /2/8 оилага,https://www.olx.uz/d/obyavlenie/arenda-izhara-yashnobod-kadysheva-bozori-orientir-3-2-8-oilaga-ID4f0XR.html,500 у.е.,500.0,у.е,,,,,4f0XR,22,yashnabad
Срочно Яшнабод олмос  резиденсда арендага квартира,https://www.olx.uz/d/obyavlenie/srochno-yashnabod-olmos-rezidensda-arendaga-kvartira-ID4f6PK.html,400 у.е.,400.0,у.е,,,,,4f6PK,22,yashnabad
Сдаю долгосрочно в аренду свою кв.ул.Махтумкули,https://www.olx.uz/d/obyavlenie/sdayu-dolgosrochno-v-arendu-svoyu-kv-ul-mahtumkuli-ID3hQzq.html,1 100 у.е.,1100.0,у.е,,,,,3hQzq,22,yashnabad
Сдаётся 1/6/9 ЖК Голден Хаус Махтумкули,https://www.olx.uz/d/obyavlenie/sdaetsya-1-6-9-zhk-golden-haus-mahtumkuli-ID4enso.html,450 у.е.,450.0,у.е,,,,,4enso,22,yashnabad
Аренда 3 ком Новостройка Newlife,https://www.olx.uz/d/obyavlenie/arenda-3-kom-novostroyka-newlife-ID4dYLA.html,800 у.е.,800.0,у.е,,,,,4dYLA,22,yashnabad
Аренда 2 ком Эльбек евролукус квартира,https://www.olx.uz/d/obyavlenie/arenda-2-kom-elbek-evrolukus-kvartira-ID4dYKI.html,650 у.е.,650.0,у.е,,,,,4dYKI,22,yashnabad
Срочно Сдаётся квартира паркентский массив Мавлона Риезий 2-комната ев,https://www.olx.uz/d/obyavlenie/srochno-sdaetsya-kvartira-parkentskiy-massiv-mavlona-rieziy-2-komnata-ev-ID4dYKH.html,550 у.е.,550.0,у.е,,,,,4dYKH,22,yashnabad
Квартира в аренду в жк Golden House. Яшнабад рн Паркентский базар.,https://www.olx.uz/d/obyavlenie/kvartira-v-arendu-v-zhk-golden-house-yashnabad-rn-parkentskiy-bazar-ID4enmC.html,950 у.е.,950.0,у.е,,,,,4enmC,22,yashnabad
Яшнаабадский район Тузель-1   1/5/9 общежитие,https://www.olx.uz/d/obyavlenie/yashnaabadskiy-rayon-tuzel-1-1-5-9-obschezhitie-ID4faKp.html,150 у.е.,150.0,у.е,,,,,4faKp,22,yashnabad
Сдаётся  Квартира на ц-1 после ремонта,https://www.olx.uz/d/obyavlenie/sdaetsya-kvartira-na-ts-1-posle-remonta-ID2UjS9.html,850 у.е.,850.0,у.е,,,,,2UjS9,22,yashnabad
"Яшнабадский район, Ташсельмаш 1-комнатная",https://www.olx.uz/d/obyavlenie/yashnabadskiy-rayon-tashselmash-1-komnatnaya-ID4faJh.html,450 у.е.,450.0,у.е,,,,,4faJh,22,yashnabad
"АРЕНДА КВАРТИРЫ!3х комнатная ,68м2|Олмос.  АКТ",https://www.olx.uz/d/obyavlenie/arenda-kvartiry-3h-komnatnaya-68m2-olmos-akt-ID4eMvG.html,400 у.е. Договорная,400.0,у.е,,,,,4eMvG,22,yashnabad
Сдаётся 3 х комнатная квартира Яшнабад рн Рисовый базар. Ор Ислом Ота.,https://www.olx.uz/d/obyavlenie/sdaetsya-3-h-komnatnaya-kvartira-yashnabad-rn-risovyy-bazar-or-islom-ota-ID4enk2.html,550 у.е. Договорная,550.0,у.е,,,,,4enk2,22,yashnabad
Аренда на долгий срок 65м2. ЖК infinity Ц1,https://www.olx.uz/d/obyavlenie/arenda-na-dolgiy-srok-65m2-zhk-infinity-ts1-ID3GZhx.html,2 300 у.е. Договорная,2300.0,у.е,,,,,3GZhx,22,yashnabad
Ташсельмаш Боткина,https://www.olx.uz/d/obyavlenie/tashselmash-botkina-ID4faI0.html,450 у.е.,450.0,у.е,,,,,4faI0,22,yashnabad
Аренда квартира Яшнобод Олмос навастройка дом 3/12/16,https://www.olx.uz/d/obyavlenie/arenda-kvartira-yashnobod-olmos-navastroyka-dom-3-12-16-ID3PcRb.html,400 у.е.,400.0,у.е,,,,,3PcRb,22,yashnabad
ЖК New life 2-х комнатная укомплектованная квартира,https://www.olx.uz/d/obyavlenie/zhk-new-life-2-h-komnatnaya-ukomplektovannaya-kvartira-ID3ZPfN.html,850 у.е. Договорная,850.0,у.е,,,,,3ZPfN,22,yashnabad
Яшнабад-4 комнатная на тузель-2,https://www.olx.uz/d/obyavlenie/yashnabad-4-komnatnaya-na-tuzel-2-ID4eneS.html,800 у.е.,800.0,у.е,,,,,4eneS,22,yashnabad
"Сдаётся квартира.. в ЖК New Life 
Ориентир - ТЦ Атриум",https://www.olx.uz/d/obyavlenie/sdaetsya-kvartira-v-zhk-new-life-orientir-tts-atrium-ID3tcp8.html,700 у.е.,700.0,у.е,,,,,3tcp8,22,yashnabad
Сдается 2/2/5 кадышева,https://www.olx.uz/d/obyavlenie/sdaetsya-2-2-5-kadysheva-ID4faAE.html,450 у.е.,450.0,у.е,,,,,4faAE,22,yashnabad
Сдается Евро квартира на Паркентский 1/5/9 40кв,https://www.olx.uz/d/obyavlenie/sdaetsya-evro-kvartira-na-parkentskiy-1-5-9-40kv-ID4fazx.html,550 у.е. Договорная,550.0,у.е,,,,,4fazx,22,yashnabad
Сдается 3х Французское Посольство,https://www.olx.uz/d/obyavlenie/sdaetsya-3h-frantsuzskoe-posolstvo-ID2LUVP.html,900 у.е.,900.0,у.е,,,,,2LUVP,22,yashnabad
"Сдаётся кв в Ташсельмаш 1-ком/7/9 ро-н, Яшнабадский",https://www.olx.uz/d/obyavlenie/sdaetsya-kv-v-tashselmash-1-kom-7-9-ro-n-yashnabadskiy-ID4fayU.html,500 у.е.,500.0,у.е,,,,,4fayU,22,yashnabad
Аренда 2/1/4 Авиасозлар 1,https://www.olx.uz/d/obyavlenie/arenda-2-1-4-aviasozlar-1-ID4ak9N.html,450 у.е.,450.0,у.е,,,,,4ak9N,22,yashnabad
Срочно сдаётся квартира 2 ком/5/9 на Махтумкули,https://www.olx.uz/d/obyavlenie/srochno-sdaetsya-kvartira-2-kom-5-9-na-mahtumkuli-ID38qBb.html,500 у.е.,500.0,у.е,,,,,38qBb,22,yashnabad
Аренда Авиясозлар3  2 комнаты,https://www.olx.uz/d/obyavlenie/arenda-aviyasozlar3-2-komnaty-ID4fawM.html,300 у.е.,300.0,у.е,,,,,4fawM,22,yashnabad
Сдаётся квартира ЖК Ассалом Сохил 1/7/9 на Яшнабадский,https://www.olx.uz/d/obyavlenie/sdaetsya-kvartira-zhk-assalom-sohil-1-7-9-na-yashnabadskiy-ID4f8Hf.html,400 у.е.,400.0,у.е,,,,,4f8Hf,22,yashnabad
Аренда квартиры в центре 2/6/9 Кадышева,https://www.olx.uz/d/obyavlenie/arenda-kvartiry-v-tsentre-2-6-9-kadysheva-ID4cg2E.html,400 у.е.,400.0,у.е,,,,,4cg2E,22,yashnabad
Сдам квартиру на аренду,https://www.olx.uz/d/obyavlenie/sdam-kvartiru-na-arendu-ID3fgWH.html,500 у.е.,500.0,у.е,,,,,3fgWH,22,yashnabad
Сдаётся квартира на Лесунова-4,https://www.olx.uz/d/obyavlenie/sdaetsya-kvartira-na-lesunova-4-ID3L5wQ.html,550 у.е.,550.0,у.е,,,,,3L5wQ,22,yashnabad
Сдаётся Квартира новостройка  ЖК Ассалом Махтумкули,https://www.olx.uz/d/obyavlenie/sdaetsya-kvartira-novostroyka-zhk-assalom-mahtumkuli-ID2QWDh.html,700 у.е.,700.0,у.е,,,,,2QWDh,22,yashnabad
Сдается квартира  в новостройке ЖК Ассалом Сохил,https://www.olx.uz/d/obyavlenie/sdaetsya-kvartira-v-novostroyke-zhk-assalom-sohil-ID2SKgb.html,600 у.е.,600.0,у.е,,,,,2SKgb,22,yashnabad
Сдается комерческое помешения 30м 2 на Махтумкули,https://www.olx.uz/d/obyavlenie/sdaetsya-komercheskoe-pomesheniya-30m-2-na-mahtumkuli-ID4eMbe.html,600 у.е. Договорная,600.0,у.е,,,,,4eMbe,22,yashnabad
"Сдаётся кв ЖК New Life 3-ком/4/10 ро-н, Яшнабадский",https://www.olx.uz/d/obyavlenie/sdaetsya-kv-zhk-new-life-3-kom-4-10-ro-n-yashnabadskiy-ID4faqg.html,650 у.е.,650.0,у.е,,,,,4faqg,22,yashnabad
"Махтумкули 2/12/16, Аренда",https://www.olx.uz/d/obyavlenie/mahtumkuli-2-12-16-arenda-ID4eMfx.html,1 000 у.е.,1000.0,у.е,,,,,4eMfx,22,yashnabad
Срочно сдаётся 2 ком яшнабад,https://www.olx.uz/d/obyavlenie/srochno-sdaetsya-2-kom-yashnabad-ID4eMfq.html,400 у.е.,400.0,у.е,,,,,4eMfq,22,yashnabad
Аренда квартиры 1.ком,https://www.olx.uz/d/obyavlenie/arenda-kvartiry-1-kom-ID4fai2.html,1 500 000 сум,1500000.0,сум,,,,,4fai2,22,yashnabad
Сдаётся квартира на ЖК Паркент плаза‼️,https://www.olx.uz/d/obyavlenie/sdaetsya-kvartira-na-zhk-parkent-plaza-ID3KEOu.html,650 у.е.,650.0,у.е,,,,,3KEOu,22,yashnabad
Сдается Квартира В Новостройке,https://www.olx.uz/d/obyavlenie/sdaetsya-kvartira-v-novostroyke-ID35g4D.html,700 у.е.,700.0,у.е,,,,,35g4D,22,yashnabad
Bezmakler student qizlarga kv bor,https://www.olx.uz/d/obyavlenie/bezmakler-student-qizlarga-kv-bor-ID46u7x.html,800 000 сум Договорная,800000.0,сум,,,,,46u7x,22,yashnabad
"АРЕНДА!1 комнатная евроремонт для одиночек и пар!Ависозлар,Кадышева",https://www.olx.uz/d/obyavlenie/arenda-1-komnatnaya-evroremont-dlya-odinochek-i-par-avisozlar-kadysheva-ID4emUV.html,400 у.е. Договорная,400.0,у.е,,,,,4emUV,22,yashnabad
"Аренда 2/2/4 Лисунова-1, ориентир Кадышева базар",https://www.olx.uz/d/obyavlenie/arenda-2-2-4-lisunova-1-orientir-kadysheva-bazar-ID4fa9B.html,450 у.е. Договорная,450.0,у.е,,,,,4fa9B,22,yashnabad
Аренда квартира Яшнобод Nais Villas  2/6/12,https://www.olx.uz/d/obyavlenie/arenda-kvartira-yashnobod-nais-villas-2-6-12-ID4eM82.html,400 у.е.,400.0,у.е,,,,,4eM82,22,yashnabad
Аренда ЕВРО 1 комнатная квартира в центре Махтумкули Golden House,https://www.olx.uz/d/obyavlenie/arenda-evro-1-komnatnaya-kvartira-v-tsentre-mahtumkuli-golden-house-ID4dYg3.html,500 у.е.,500.0,у.е,,,,,4dYg3,22,yashnabad
срочна сдаётся Ташкент коракамиш,https://www.olx.uz/d/obyavlenie/srochna-sdaetsya-tashkent-korakamish-ID4facF.html,300 у.е.,300.0,у.е,,,,,4facF,22,yashnabad
Аренда 2-комнатной в Яшнабадском районе,https://www.olx.uz/d/obyavlenie/arenda-2-komnatnoy-v-yashnabadskom-rayone-ID3Y57w.html,410 у.е.,410.0,у.е,,,,,3Y57w,22,yashnabad
"Сдаётся 1в2х/4/5 Тузель-2,Карзинка,40 лет Победы",https://www.olx.uz/d/obyavlenie/sdaetsya-1v2h-4-5-tuzel-2-karzinka-40-let-pobedy-ID4facf.html,350 у.е.,350.0,у.е,,,,,4facf,22,yashnabad
Сдается Уютный дуплекс в Паркент Плаза,https://www.olx.uz/d/obyavlenie/sdaetsya-uyutnyy-dupleks-v-parkent-plaza-ID4fabV.html,600 у.е.,600.0,у.е,,,,,4fabV,22,yashnabad
Аренда 1/12/14 улица Махтумкули,https://www.olx.uz/d/obyavlenie/arenda-1-12-14-ulitsa-mahtumkuli-ID4cQhw.html,600 у.е.,600.0,у.е,,,,,4cQhw,22,yashnabad
Аренда! Тузель-1. Ориентир Дока хлеб. 1/5/9. 12м2. 150у.е,https://www.olx.uz/d/obyavlenie/arenda-tuzel-1-orientir-doka-hleb-1-5-9-12m2-150u-e-ID4fa74.html,150 у.е.,150.0,у.е,,,,,4fa74,22,yashnabad
Аренда квартира Бектемир Мусаффо маскан 1*2/10,https://www.olx.uz/d/obyavlenie/arenda-kvartira-bektemir-musaffo-maskan-12-10-ID4emEj.html,300 у.е.,300.0,у.е,,,,,4emEj,22,yashnabad
Аренда квартира Яшнобод Беттер бест 1/5/18,https://www.olx.uz/d/obyavlenie/arenda-kvartira-yashnobod-better-best-1-5-18-ID4emDw.html,300 у.е.,300.0,у.е,,,,,4emDw,22,yashnabad
Аренда.2/4/5 Яшнабад рн.ул.Авиасозлар-4.Все есть.350у.е.+200Депозит,https://www.olx.uz/d/obyavlenie/arenda-2-4-5-yashnabad-rn-ul-aviasozlar-4-vse-est-350u-e-200depozit-ID3Y1C3.html,350 у.е.,350.0,у.е,,,,,3Y1C3,22,yashnabad
Своя инстаграмная квартира в долгосрочную аренду,https://www.olx.uz/d/obyavlenie/svoya-instagramnaya-kvartira-v-dolgosrochnuyu-arendu-ID4eUTV.html,1 000 у.е.,1000.0,у.е,,,,,4eUTV,22,yashnabad
3 комнатная квартира в Паркентском Базаре Яшнабадском районе,https://www.olx.uz/d/obyavlenie/3-komnatnaya-kvartira-v-parkentskom-bazare-yashnabadskom-rayone-ID4ezK4.html,900 у.е.,900.0,у.е,,,,,4ezK4,22,yashnabad
"Сдается Комфортная светлая 2-ком кв с новым ремонтом, ни кто не жил",https://www.olx.uz/d/obyavlenie/sdaetsya-komfortnaya-svetlaya-2-kom-kv-s-novym-remontom-ni-kto-ne-zhil-ID41CvE.html,600 у.е.,600.0,у.е,,,,,41CvE,22,yashnabad
Assalomu aleykum,https://www.olx.uz/d/obyavlenie/assalomu-aleykum-ID4ctgT.html,1 200 000 сум Договорная,1200000.0,сум,,,,,4ctgT,22,yashnabad
2/4/10 парк Ашхабад !ЖК Пойтахт!ул.Махтумкули,https://www.olx.uz/d/obyavlenie/2-4-10-park-ashhabad-zhk-poytaht-ul-mahtumkuli-ID4bhBW.html,1 000 у.е. Договорная,1000.0,у.е,,,,,4bhBW,22,yashnabad
Сдаётся квартира ор-р ЖК Махтумкули 2-ком/6/9 ро-н Яшнабадский,https://www.olx.uz/d/obyavlenie/sdaetsya-kvartira-or-r-zhk-mahtumkuli-2-kom-6-9-ro-n-yashnabadskiy-ID40qqV.html,500 у.е.,500.0,у.е,,,,,40qqV,22,yashnabad
Сдаётся квартира ЖК Ассалом Сохил 1-ком/7/9 ро-н Яшнабадский,https://www.olx.uz/d/obyavlenie/sdaetsya-kvartira-zhk-assalom-sohil-1-kom-7-9-ro-n-yashnabadskiy-ID40oom.html,400 у.е.,400.0,у.е,,,,,40oom,22,yashnabad
Тошми яшнабадский метро машинасозлар 1/2/4 аренда,https://www.olx.uz/d/obyavlenie/toshmi-yashnabadskiy-metro-mashinasozlar-1-2-4-arenda-ID4eLQa.html,300 у.е.,300.0,у.е,,,,,4eLQa,22,yashnabad
Паркентский - 1 комн - Новостройка - Аренда,https://www.olx.uz/d/obyavlenie/parkentskiy-1-komn-novostroyka-arenda-ID4f9YJ.html,450 у.е.,450.0,у.е,,,,,4f9YJ,22,yashnabad
Doʻstlik metro Arenda kvartira ijara,https://www.olx.uz/d/obyavlenie/dostlik-metro-arenda-kvartira-ijara-ID453rk.html,750 000 сум,750000.0,сум,,,,,453rk,22,yashnabad
Сдаётся кв ор-р ЖК Паркент Плаза 3/2/9 р-н Яшнабадский,https://www.olx.uz/d/obyavlenie/sdaetsya-kv-or-r-zhk-parkent-plaza-3-2-9-r-n-yashnabadskiy-ID4emsx.html,600 у.е.,600.0,у.е,,,,,4emsx,22,yashnabad
Сдается своя 2-х комнатная квартира (65 кв.м) на Паркентском (Риезий),https://www.olx.uz/d/obyavlenie/sdaetsya-svoya-2-h-komnatnaya-kvartira-65-kv-m-na-parkentskom-rieziy-ID44n9u.html,700 у.е. Договорная,700.0,у.е,,,,,44n9u,22,yashnabad
Аренда 2 комнатной квартиры Дубовая Яшнабадский Район,https://www.olx.uz/d/obyavlenie/arenda-2-komnatnoy-kvartiry-dubovaya-yashnabadskiy-rayon-ID4eLLg.html,400 у.е.,400.0,у.е,,,,,4eLLg,22,yashnabad
Сдается 3 ком ЖК Zaytunli. Новая квартира,https://www.olx.uz/d/obyavlenie/sdaetsya-3-kom-zhk-zaytunli-novaya-kvartira-ID4dXSI.html,800 у.е.,800.0,у.е,,,,,4dXSI,22,yashnabad
Ижарага 2/2/4 Авиасозлар 4 метро Достлик 2 студентларгахам берилади,https://www.olx.uz/d/obyavlenie/izharaga-2-2-4-aviasozlar-4-metro-dostlik-2-studentlargaham-beriladi-ID4f9SM.html,4 000 000 сум,4000000.0,сум,,,,,4f9SM,22,yashnabad
Ижарага 1/2/4 Тузель 1 квартал 1 комнатная срочно в аренду 1 хонали,https://www.olx.uz/d/obyavlenie/izharaga-1-2-4-tuzel-1-kvartal-1-komnatnaya-srochno-v-arendu-1-honali-ID4f9SA.html,300 у.е.,300.0,у.е,,,,,4f9SA,22,yashnabad
2/2/2 Паркентский базар,https://www.olx.uz/d/obyavlenie/2-2-2-parkentskiy-bazar-ID4f9Ex.html,350 у.е.,350.0,у.е,,,,,4f9Ex,22,yashnabad
Ижарага 2/1/5 Тузель 3 квартал 2х комнатная срочно в аренду 2 хонали,https://www.olx.uz/d/obyavlenie/izharaga-2-1-5-tuzel-3-kvartal-2h-komnatnaya-srochno-v-arendu-2-honali-ID4f9RY.html,400 у.е.,400.0,у.е,,,,,4f9RY,22,yashnabad
Аренда  3/2/9 Буюк ипак йули м новостройка,https://www.olx.uz/d/obyavlenie/arenda-3-2-9-buyuk-ipak-yuli-m-novostroyka-ID3ZzEW.html,1 000 у.е.,1000.0,у.е,,,,,3ZzEW,22,yashnabad
"Сдается в вренду квартира 1 этаж жилое и не жилое, два кадастра",https://www.olx.uz/d/obyavlenie/sdaetsya-v-vrendu-kvartira-1-etazh-zhiloe-i-ne-zhiloe-dva-kadastra-ID4f2RH.html,1 200 у.е. Договорная,1200.0,у.е,,,,,4f2RH,22,yashnabad
Сдаётся аренда Яшнабад Дубовый двухкомнатная для семьи первый этаж,https://www.olx.uz/d/obyavlenie/sdaetsya-arenda-yashnabad-dubovyy-dvuhkomnatnaya-dlya-semi-pervyy-etazh-ID4f9ON.html,320 у.е.,320.0,у.е,,,,,4f9ON,22,yashnabad
Комната в бутик-отеле в центре,https://www.olx.uz/d/obyavlenie/komnata-v-butik-otele-v-tsentre-ID4e7gA.html,450 у.е.,450.0,у.е,,,,,4e7gA,22,yashnabad
Yashnabod metro yonida arenda kvartira,https://www.olx.uz/d/obyavlenie/yashnabod-metro-yonida-arenda-kvartira-ID4f9AY.html,250 у.е. Договорная,250.0,у.е,,,,,4f9AY,22,yashnabad
Аренда 3/9/10  ЖК  New Life  ул Махтумкули !!,https://www.olx.uz/d/obyavlenie/arenda-3-9-10-zhk-new-life-ul-mahtumkuli-ID4em3k.html,600 у.е. Договорная,600.0,у.е,,,,,4em3k,22,yashnabad
Жк инфинити 2/6-14,https://www.olx.uz/d/obyavlenie/zhk-infiniti-2-6-14-ID4em3d.html,1 000 у.е.,1000.0,у.е,,,,,4em3d,22,yashnabad
Сдаётся своя квартира,https://www.olx.uz/d/obyavlenie/sdaetsya-svoya-kvartira-ID4f9yh.html,300 у.е.,300.0,у.е,,,,,4f9yh,22,yashnabad
Besh Chinor ЖК Беш Чинор сдам ДУПЛЕКС ц1 10мин Махтумкули паркентский,https://www.olx.uz/d/obyavlenie/besh-chinor-zhk-besh-chinor-sdam-dupleks-ts1-10min-mahtumkuli-parkentskiy-ID4em2o.html,500 у.е. Договорная,500.0,у.е,,,,,4em2o,22,yashnabad
Yashnaobot tumani srochna kvartira,https://www.olx.uz/d/obyavlenie/yashnaobot-tumani-srochna-kvartira-ID4f9u8.html,300 у.е.,300.0,у.е,,,,,4f9u8,22,yashnabad
Аренда Дуплекс ЖК Беш Чинор 2/8/16 недалеко от ц-1 !!,https://www.olx.uz/d/obyavlenie/arenda-dupleks-zhk-besh-chinor-2-8-16-nedaleko-ot-ts-1-ID4elYM.html,500 у.е. Договорная,500.0,у.е,,,,,4elYM,22,yashnabad
1-Комн. 1-Этаж. Чистая. Аренда. Ижара. Ташсельмаш. Боткина.,https://www.olx.uz/d/obyavlenie/1-komn-1-etazh-chistaya-arenda-izhara-tashselmash-botkina-ID4f9wL.html,450 у.е.,450.0,у.е,,,,,4f9wL,22,yashnabad
Сдам в аренду 2 в 3-х комнатную.Ташсельмаш.Парк Ашхабад,https://www.olx.uz/d/obyavlenie/sdam-v-arendu-2-v-3-h-komnatnuyu-tashselmash-park-ashhabad-ID4eLgj.html,700 у.е.,700.0,у.е,,,,,4eLgj,22,yashnabad
Яшнабод срочна квартира,https://www.olx.uz/d/obyavlenie/yashnabod-srochna-kvartira-ID4f9mT.html,270 у.е.,270.0,у.е,,,,,4f9mT,22,yashnabad
Аренда квартиры,https://www.olx.uz/d/obyavlenie/arenda-kvartiry-ID4ezQN.html,1 000 у.е.,1000.0,у.е,,,,,4ezQN,22,yashnabad
2 Xonali Kvartira ijaraga qo`yiladi !,https://www.olx.uz/d/obyavlenie/2-xonali-kvartira-ijaraga-qoyiladi-ID3yeJS.html,450 у.е. Договорная,450.0,у.е,,,,,3yeJS,22,yashnabad
Аренда квартира Яшнабод,https://www.olx.uz/d/obyavlenie/arenda-kvartira-yashnabod-ID442ws.html,450 у.е.,450.0,у.е,,,,,442ws,22,yashnabad
Аренда квартира Яшнабод,https://www.olx.uz/d/obyavlenie/arenda-kvartira-yashnabod-ID44axT.html,450 у.е.,450.0,у.е,,,,,44axT,22,yashnabad
Аренда квартира Яшнабод,https://www.olx.uz/d/obyavlenie/arenda-kvartira-yashnabod-ID449RL.html,500 у.е. Договорная,500.0,у.е,,,,,449RL,22,yashnabad
Аренда квартира Яшнабод,https://www.olx.uz/d/obyavlenie/arenda-kvartira-yashnabod-ID456oQ.html,400 у.е. Договорная,400.0,у.е,,,,,456oQ,22,yashnabad
Аренда квартира Махтум кули,https://www.olx.uz/d/obyavlenie/arenda-kvartira-mahtum-kuli-ID4851X.html,1 800 у.е.,1800.0,у.е,,,,,4851X,22,yashnabad
Yashnabod tumani Kadisheva bozori ropasida ijaraga kvartira,https://www.olx.uz/d/obyavlenie/yashnabod-tumani-kadisheva-bozori-ropasida-ijaraga-kvartira-ID4f9bX.html,350 у.е.,350.0,у.е,,,,,4f9bX,22,yashnabad
Аренда 2/8/9 48м2 в ЖК Poytaxt на ул. Махтумкули,https://www.olx.uz/d/obyavlenie/arenda-2-8-9-48m2-v-zhk-poytaxt-na-ul-mahtumkuli-ID4dXdi.html,800 у.е.,800.0,у.е,,,,,4dXdi,22,yashnabad
Yashnobod Rohat metro yonida,https://www.olx.uz/d/obyavlenie/yashnobod-rohat-metro-yonida-ID4f9af.html,200 у.е.,200.0,у.е,,,,,4f9af,22,yashnabad
2 комнатная квартира на Дубовый,https://www.olx.uz/d/obyavlenie/2-komnatnaya-kvartira-na-dubovyy-ID3hKns.html,650 у.е. Договорная,650.0,у.е,,,,,3hKns,22,yashnabad
Срочно Аренда квартиры ташсельмаш 2/1/4,https://www.olx.uz/d/obyavlenie/srochno-arenda-kvartiry-tashselmash-2-1-4-ID4f90O.html,350 у.е. Договорная,350.0,у.е,,,,,4f90O,22,yashnabad
Аренда квартира.,https://www.olx.uz/d/obyavlenie/arenda-kvartira-ID3lWdf.html,100 у.е.,100.0,у.е,,,,,3lWdf,22,yashnabad
Аренда кв возле метро Ташкента,https://www.olx.uz/d/obyavlenie/arenda-kv-vozle-metro-tashkenta-ID4f8Wx.html,150 у.е.,150.0,у.е,,,,,4f8Wx,22,yashnabad
Аренда 2/8/12 Махтумкули №48,https://www.olx.uz/d/obyavlenie/arenda-2-8-12-mahtumkuli-48-ID4elza.html,550 у.е.,550.0,у.е,,,,,4elza,22,yashnabad
Аренда 160кв банковский дом,https://www.olx.uz/d/obyavlenie/arenda-160kv-bankovskiy-dom-ID4ePe5.html,1 100 у.е. Договорная,1100.0,у.е,,,,,4ePe5,22,yashnabad
Сдается Евро квартира на Махтумкули 2/1/9 55кв,https://www.olx.uz/d/obyavlenie/sdaetsya-evro-kvartira-na-mahtumkuli-2-1-9-55kv-ID4elsf.html,600 у.е.,600.0,у.е,,,,,4elsf,22,yashnabad
Аренда квартира Бектемир мусаффо маскан 3/16/17,https://www.olx.uz/d/obyavlenie/arenda-kvartira-bektemir-musaffo-maskan-3-16-17-ID4dVSP.html,400 у.е.,400.0,у.е,,,,,4dVSP,22,yashnabad
Паркентский Риезий 2/9/9,https://www.olx.uz/d/obyavlenie/parkentskiy-rieziy-2-9-9-ID4eKKi.html,450 у.е.,450.0,у.е,,,,,4eKKi,22,yashnabad
Сдается квартира в новостройке,https://www.olx.uz/d/obyavlenie/sdaetsya-kvartira-v-novostroyke-ID3lHPv.html,600 у.е.,600.0,у.е,,,,,3lHPv,22,yashnabad
Сдается уютная 2-х комнатная квартира в центре города №1500,https://www.olx.uz/d/obyavlenie/sdaetsya-uyutnaya-2-h-komnatnaya-kvartira-v-tsentre-goroda-1500-ID3W0Uz.html,900 у.е.,900.0,у.е,,,,,3W0Uz,22,yashnabad
Аренда квартира Яккасарайский район  1/1/4,https://www.olx.uz/d/obyavlenie/arenda-kvartira-yakkasarayskiy-rayon-1-1-4-ID4f901.html,250 у.е.,250.0,у.е,,,,,4f901,22,yashnabad
Срочно сдаётся 2/4/4 Авиасозлар 3,https://www.olx.uz/d/obyavlenie/srochno-sdaetsya-2-4-4-aviasozlar-3-ID4f8ZP.html,350 у.е.,350.0,у.е,,,,,4f8ZP,22,yashnabad
Ijaraga qizlar olinadi xazyaykali,https://www.olx.uz/d/obyavlenie/ijaraga-qizlar-olinadi-xazyaykali-ID3U1AY.html,700 000 сум,700000.0,сум,,,,,3U1AY,22,yashnabad
1 ком Ближе метро Дустлик 2 этаж,https://www.olx.uz/d/obyavlenie/1-kom-blizhe-metro-dustlik-2-etazh-ID45DwG.html,350 у.е.,350.0,у.е,,,,,45DwG,22,yashnabad
"Шикарная 2шка на р-н Яшнабадском ЖК""New life"" рядом Макро",https://www.olx.uz/d/obyavlenie/shikarnaya-2shka-na-r-n-yashnabadskom-zhk-new-life-ryadom-makro-ID4dVrr.html,450 у.е. Договорная,450.0,у.е,,,,,4dVrr,22,yashnabad
Сдается 3-комнатная квартира ЖК: Азиа Хаус / Кадешева,https://www.olx.uz/d/obyavlenie/sdaetsya-3-komnatnaya-kvartira-zhk-azia-haus-kadesheva-ID41Bd3.html,600 у.е.,600.0,у.е,,,,,41Bd3,22,yashnabad
Махтумкули 2- комнатная Аренда Квартиры,https://www.olx.uz/d/obyavlenie/mahtumkuli-2-komnatnaya-arenda-kvartiry-ID4dkLf.html,600 у.е.,600.0,у.е,,,,,4dkLf,22,yashnabad
1- Комнатная / Махтумкули 1/2/9 Аренда Квартиры,https://www.olx.uz/d/obyavlenie/1-komnatnaya-mahtumkuli-1-2-9-arenda-kvartiry-ID4dkLt.html,500 у.е.,500.0,у.е,,,,,4dkLt,22,yashnabad
Олмос модерн сити,https://www.olx.uz/d/obyavlenie/olmos-modern-siti-ID4dVG7.html,500 у.е. Договорная,500.0,у.е,,,,,4dVG7,22,yashnabad
Аренда квартира Яшнабод,https://www.olx.uz/d/obyavlenie/arenda-kvartira-yashnabod-ID45NNx.html,400 у.е.,400.0,у.е,,,,,45NNx,22,yashnabad
Аренда квартира Ассалом хаво,https://www.olx.uz/d/obyavlenie/arenda-kvartira-assalom-havo-ID44jw2.html,500 у.е.,500.0,у.е,,,,,44jw2,22,yashnabad
Аренда квартира Яшнабод,https://www.olx.uz/d/obyavlenie/arenda-kvartira-yashnabod-ID447Hc.html,400 у.е.,400.0,у.е,,,,,447Hc,22,yashnabad
Аренда квартира Яшнабод,https://www.olx.uz/d/obyavlenie/arenda-kvartira-yashnabod-ID45apn.html,400 у.е.,400.0,у.е,,,,,45apn,22,yashnabad
Тузель-2 с новым ремонтом 3-х комнатная,https://www.olx.uz/d/obyavlenie/tuzel-2-s-novym-remontom-3-h-komnatnaya-ID4dVEx.html,600 у.е. Договорная,600.0,у.е,,,,,4dVEx,22,yashnabad
Срочно сдается в аренду 1х евро квартира в ЖК Бешчинор Махтумкули,https://www.olx.uz/d/obyavlenie/srochno-sdaetsya-v-arendu-1h-evro-kvartira-v-zhk-beshchinor-mahtumkuli-ID4eKvd.html,500 у.е.,500.0,у.е,,,,,4eKvd,22,yashnabad
"Сдаётся кв ЖК Махтумкули, 2-ком/5/9 ро-н, Яшнабадский",https://www.olx.uz/d/obyavlenie/sdaetsya-kv-zhk-mahtumkuli-2-kom-5-9-ro-n-yashnabadskiy-ID4f8MA.html,500 у.е.,500.0,у.е,,,,,4f8MA,22,yashnabad
Яшнабад 3-х комнатная,https://www.olx.uz/d/obyavlenie/yashnabad-3-h-komnatnaya-ID4dVB6.html,650 у.е.,650.0,у.е,,,,,4dVB6,22,yashnabad
Сдаётся квартира на ЖК Ассалом Махтумкули‼️,https://www.olx.uz/d/obyavlenie/sdaetsya-kvartira-na-zhk-assalom-mahtumkuli-ID3UrHS.html,600 у.е.,600.0,у.е,,,,,3UrHS,22,yashnabad
Аренда 1 комнатной квартиры Метро Алмас ЖК Almas Residence,https://www.olx.uz/d/obyavlenie/arenda-1-komnatnoy-kvartiry-metro-almas-zhk-almas-residence-ID4dVAh.html,500 у.е.,500.0,у.е,,,,,4dVAh,22,yashnabad
Аренда квартира Яшнабод,https://www.olx.uz/d/obyavlenie/arenda-kvartira-yashnabod-ID4f8Jz.html,500 у.е.,500.0,у.е,,,,,4f8Jz,22,yashnabad
Сдается в аренду квартира на долгий срок на Паркентском,https://www.olx.uz/d/obyavlenie/sdaetsya-v-arendu-kvartira-na-dolgiy-srok-na-parkentskom-ID4f8Jh.html,700 у.е.,700.0,у.е,,,,,4f8Jh,22,yashnabad
Сдаётся квартира на Яшнабадском районе новостройка‼️,https://www.olx.uz/d/obyavlenie/sdaetsya-kvartira-na-yashnabadskom-rayone-novostroyka-ID3H5cE.html,750 у.е.,750.0,у.е,,,,,3H5cE,22,yashnabad
Сдаётся квартира 2/6/14 на ор-р  Яшнабадский ЖК Беш Чинор,https://www.olx.uz/d/obyavlenie/sdaetsya-kvartira-2-6-14-na-or-r-yashnabadskiy-zhk-besh-chinor-ID4f8I8.html,500 у.е. Договорная,500.0,у.е,,,,,4f8I8,22,yashnabad
Сдается квартира по ул. Махтумкули,https://www.olx.uz/d/obyavlenie/sdaetsya-kvartira-po-ul-mahtumkuli-ID38vMH.html,1 250 у.е.,1250.0,у.е,,,,,38vMH,22,yashnabad
"Аренда 1/1/9, 45 м2. Ташсельмаш, ор-р кафе Шохона!",https://www.olx.uz/d/obyavlenie/arenda-1-1-9-45-m2-tashselmash-or-r-kafe-shohona-ID4f8I6.html,450 у.е.,450.0,у.е,,,,,4f8I6,22,yashnabad
2-комнатная квартира с ремонтом | Всё для комфортной жизни,https://www.olx.uz/d/obyavlenie/2-komnatnaya-kvartira-s-remontom-vse-dlya-komfortnoy-zhizni-ID4bO1y.html,600 у.е.,600.0,у.е,,,,,4bO1y,22,yashnabad
Сдается квартира по ул Махтумкули в новостройке (сдается впервые),https://www.olx.uz/d/obyavlenie/sdaetsya-kvartira-po-ul-mahtumkuli-v-novostroyke-sdaetsya-vpervye-ID3HYWW.html,850 у.е.,850.0,у.е,,,,,3HYWW,22,yashnabad
Сдаётся квартира на ЖК Ассалом сохил‼️,https://www.olx.uz/d/obyavlenie/sdaetsya-kvartira-na-zhk-assalom-sohil-ID3M7TS.html,600 у.е.,600.0,у.е,,,,,3M7TS,22,yashnabad
Аренда Шикарная квартира 2х ком на Яшнабаде / Махтумкули / New Life,https://www.olx.uz/d/obyavlenie/arenda-shikarnaya-kvartira-2h-kom-na-yashnabade-mahtumkuli-new-life-ID4eKnu.html,420 у.е. Договорная,420.0,у.е,,,,,4eKnu,22,yashnabad
Сдается 3х ком новая евро в ЖК Infinity,https://www.olx.uz/d/obyavlenie/sdaetsya-3h-kom-novaya-evro-v-zhk-infinity-ID4beLo.html,2 200 у.е. Договорная,2200.0,у.е,,,,,4beLo,22,yashnabad
"Сдаеться отличная 1-комнатная квартира! Авиасозлар, Кадышева! 1*",https://www.olx.uz/d/obyavlenie/sdaetsya-otlichnaya-1-komnatnaya-kvartira-aviasozlar-kadysheva-1-ID4f8BT.html,400 у.е. Договорная,400.0,у.е,,,,,4f8BT,22,yashnabad
"Сдаю отличную 2-х квартиру адрес Махтумкули, Яшнабад! 1*",https://www.olx.uz/d/obyavlenie/sdayu-otlichnuyu-2-h-kvartiru-adres-mahtumkuli-yashnabad-1-ID4f8BH.html,500 у.е. Договорная,500.0,у.е,,,,,4f8BH,22,yashnabad
Сдаётся кв ЖК Грен Парк ул Махтумкули 1/4/9 ро-н Яшнабадский,https://www.olx.uz/d/obyavlenie/sdaetsya-kv-zhk-gren-park-ul-mahtumkuli-1-4-9-ro-n-yashnabadskiy-ID4f8tM.html,450 у.е.,450.0,у.е,,,,,4f8tM,22,yashnabad
Аренда квартира Яшнабод,https://www.olx.uz/d/obyavlenie/arenda-kvartira-yashnabod-ID4dVpp.html,500 у.е.,500.0,у.е,,,,,4dVpp,22,yashnabad
Сдаётся квартира 1/7/9 на ор-р Яшнабадский ул Махтумкули,https://www.olx.uz/d/obyavlenie/sdaetsya-kvartira-1-7-9-na-or-r-yashnabadskiy-ul-mahtumkuli-ID4f8zm.html,450 у.е. Договорная,450.0,у.е,,,,,4f8zm,22,yashnabad
Срочно сдам свою квартиру на длительный срок,https://www.olx.uz/d/obyavlenie/srochno-sdam-svoyu-kvartiru-na-dlitelnyy-srok-ID46LFp.html,550 у.е.,550.0,у.е,,,,,46LFp,22,yashnabad
Аренда квартира | 2/1/4 | Яшнабад | Иззат |Кадышева |,https://www.olx.uz/d/obyavlenie/arenda-kvartira-2-1-4-yashnabad-izzat-kadysheva-ID4bbPh.html,500 у.е.,500.0,у.е,,,,,4bbPh,22,yashnabad
Аренда 2 ком Новостройка Golden House,https://www.olx.uz/d/obyavlenie/arenda-2-kom-novostroyka-golden-house-ID4f8vF.html,550 у.е.,550.0,у.е,,,,,4f8vF,22,yashnabad
"Аренда 1/1/9 Ташсельмаш, Шохона",https://www.olx.uz/d/obyavlenie/arenda-1-1-9-tashselmash-shohona-ID4f8vh.html,450 у.е. Договорная,450.0,у.е,,,,,4f8vh,22,yashnabad
Лучшее для вас 2 х комнатная в Яшнабадском районе,https://www.olx.uz/d/obyavlenie/luchshee-dlya-vas-2-h-komnatnaya-v-yashnabadskom-rayone-ID3wGK4.html,550 у.е.,550.0,у.е,,,,,3wGK4,22,yashnabad
Аренда на Паркентском в ЖК Паркент Авеню Евро 2ком/3/7,https://www.olx.uz/d/obyavlenie/arenda-na-parkentskom-v-zhk-parkent-avenyu-evro-2kom-3-7-ID3aBhT.html,650 у.е.,650.0,у.е,,,,,3aBhT,22,yashnabad
УЗБУМ 2х комнатная квартира 2/3/9 Ассалом сохил,https://www.olx.uz/d/obyavlenie/uzbum-2h-komnatnaya-kvartira-2-3-9-assalom-sohil-ID38AzR.html,500 у.е. Договорная,500.0,у.е,,,,,38AzR,22,yashnabad
Аренда 4 комнатной квартиры Янгиабад Ор-р Конечка |Новостройка,https://www.olx.uz/d/obyavlenie/arenda-4-komnatnoy-kvartiry-yangiabad-or-r-konechka-novostroyka-ID4eKci.html,700 у.е.,700.0,у.е,,,,,4eKci,22,yashnabad
公寓出租 |亞什納巴德 |卡德舍娃| 3/3/4,https://www.olx.uz/d/obyavlenie/3-3-4-ID4dVjf.html,600 у.е.,600.0,у.е,,,,,4dVjf,22,yashnabad
Аренда квартиры 2-комнатная Ул Махтумкули | Жк Беш Чинор | IT Park,https://www.olx.uz/d/obyavlenie/arenda-kvartiry-2-komnatnaya-ul-mahtumkuli-zhk-besh-chinor-it-park-ID4eKbn.html,1 150 у.е.,1150.0,у.е,,,,,4eKbn,22,yashnabad
Аренда квартира на Яшнабадском районе Паркентская 2/1/5,https://www.olx.uz/d/obyavlenie/arenda-kvartira-na-yashnabadskom-rayone-parkentskaya-2-1-5-ID3UYzh.html,500 у.е.,500.0,у.е,,,,,3UYzh,22,yashnabad
Аренда квартира на Яшнабадском районе 2/2/8,https://www.olx.uz/d/obyavlenie/arenda-kvartira-na-yashnabadskom-rayone-2-2-8-ID40KIM.html,450 у.е.,450.0,у.е,,,,,40KIM,22,yashnabad
Ижарага квартира Яшнабад Кадешва Паровоз 226- мактаб оилага,https://www.olx.uz/d/obyavlenie/izharaga-kvartira-yashnabad-kadeshva-parovoz-226-maktab-oilaga-ID4f8uC.html,350 у.е.,350.0,у.е,,,,,4f8uC,22,yashnabad
Аренда квартира на Яшнабадском районе 2/4/5,https://www.olx.uz/d/obyavlenie/arenda-kvartira-na-yashnabadskom-rayone-2-4-5-ID3KItA.html,450 у.е.,450.0,у.е,,,,,3KItA,22,yashnabad
Бешчинор квартира сдаётся Махтумкули,https://www.olx.uz/d/obyavlenie/beshchinor-kvartira-sdaetsya-mahtumkuli-ID4eK9d.html,500 у.е.,500.0,у.е,,,,,4eK9d,22,yashnabad
Сдаётся квартира 1/2/16 ЖК Ассалом Сохил ор-УЗБУМ,https://www.olx.uz/d/obyavlenie/sdaetsya-kvartira-1-2-16-zhk-assalom-sohil-or-uzbum-ID4dVbk.html,500 у.е.,500.0,у.е,,,,,4dVbk,22,yashnabad
Сдаётся аренда на  Паркентский,https://www.olx.uz/d/obyavlenie/sdaetsya-arenda-na-parkentskiy-ID4f8kj.html,750 у.е.,750.0,у.е,,,,,4f8kj,22,yashnabad
Роскошная 3х комнатная квартира на Паркентском,https://www.olx.uz/d/obyavlenie/roskoshnaya-3h-komnatnaya-kvartira-na-parkentskom-ID44GQv.html,800 у.е.,800.0,у.е,,,,,44GQv,22,yashnabad
"Срочно сдам 2-ком/4/9 на ул. Махтумкули, Ор-р Технопарк",https://www.olx.uz/d/obyavlenie/srochno-sdam-2-kom-4-9-na-ul-mahtumkuli-or-r-tehnopark-ID373Rt.html,550 у.е. Договорная,550.0,у.е,,,,,373Rt,22,yashnabad
Ижарага 2 хонали,https://www.olx.uz/d/obyavlenie/izharaga-2-honali-ID42izc.html,300 у.е.,300.0,у.е,,,,,42izc,22,yashnabad
Ул.Садык Азимова 2х-ком хорошая квартира ор-р ресторан Efendi,https://www.olx.uz/d/obyavlenie/ul-sadyk-azimova-2h-kom-horoshaya-kvartira-or-r-restoran-efendi-ID44zy5.html,750 у.е.,750.0,у.е,,,,,44zy5,22,yashnabad
"1/2/16 Assalom Sohil, 33,5м2, пустая, новая",https://www.olx.uz/d/obyavlenie/1-2-16-assalom-sohil-33-5m2-pustaya-novaya-ID4dZxp.html,300 у.е.,300.0,у.е,,,,,4dZxp,22,yashnabad
Сдается в аренду евро  3х квартира возле Парка Ашхабад  на долгий срок,https://www.olx.uz/d/obyavlenie/sdaetsya-v-arendu-evro-3h-kvartira-vozle-parka-ashhabad-na-dolgiy-srok-ID4eJM3.html,1 000 у.е.,1000.0,у.е,,,,,4eJM3,22,yashnabad
Аренда 4х комнатная Тузель 3 крестик,https://www.olx.uz/d/obyavlenie/arenda-4h-komnatnaya-tuzel-3-krestik-ID4dWWq.html,500 у.е.,500.0,у.е,,,,,4dWWq,22,yashnabad
Яшнобад тумани  Олмас Махала,https://www.olx.uz/d/obyavlenie/yashnobad-tumani-olmas-mahala-ID4f88V.html,450 у.е.,450.0,у.е,,,,,4f88V,22,yashnabad
Яшнабадскй район,https://www.olx.uz/d/obyavlenie/yashnabadsky-rayon-ID48nQ1.html,320 у.е.,320.0,у.е,,,,,48nQ1,22,yashnabad
Срочно аренда квартира New Life махтумкули,https://www.olx.uz/d/obyavlenie/srochno-arenda-kvartira-new-life-mahtumkuli-ID41fLO.html,700 у.е.,700.0,у.е,,,,,41fLO,22,yashnabad
"5мин до метро ДУСТЛИК!СДАЕТСЯ2х комн,65 кв.м|ул Ахмад Яссавий. АКТ",https://www.olx.uz/d/obyavlenie/5min-do-metro-dustlik-sdaetsya2h-komn-65-kv-m-ul-ahmad-yassaviy-akt-ID4ektT.html,450 у.е. Договорная,450.0,у.е,,,,,4ektT,22,yashnabad
Махтумкули 3/8/12 аренда,https://www.olx.uz/d/obyavlenie/mahtumkuli-3-8-12-arenda-ID4ektw.html,600 у.е.,600.0,у.е,,,,,4ektw,22,yashnabad
Аренда 1 ком Новостройка Дубовая,https://www.olx.uz/d/obyavlenie/arenda-1-kom-novostroyka-dubovaya-ID4f86p.html,500 у.е.,500.0,у.е,,,,,4f86p,22,yashnabad
Аренда 1 ком Новостройка Ассалом сохил Узбум,https://www.olx.uz/d/obyavlenie/arenda-1-kom-novostroyka-assalom-sohil-uzbum-ID4f85N.html,450 у.е.,450.0,у.е,,,,,4f85N,22,yashnabad
Yashnobod 3 xona 3/5,https://www.olx.uz/d/obyavlenie/yashnobod-3-xona-3-5-ID4f85F.html,500 у.е.,500.0,у.е,,,,,4f85F,22,yashnabad
Yashnobod Izzatda 2/6/8,https://www.olx.uz/d/obyavlenie/yashnobod-izzatda-2-6-8-ID4f85n.html,450 у.е.,450.0,у.е,,,,,4f85n,22,yashnabad
Arenda kvartira. Musaffo maskan navostroyka. 1/8/10,https://www.olx.uz/d/obyavlenie/arenda-kvartira-musaffo-maskan-navostroyka-1-8-10-ID4ekrq.html,300 у.е.,300.0,у.е,,,,,4ekrq,22,yashnabad
Аренда квартира 2/3/3 Новостройка,https://www.olx.uz/d/obyavlenie/arenda-kvartira-2-3-3-novostroyka-ID4f84x.html,350 у.е.,350.0,у.е,,,,,4f84x,22,yashnabad
Яшнобод Тумани Раркентский,https://www.olx.uz/d/obyavlenie/yashnobod-tumani-rarkentskiy-ID4f84t.html,800 у.е.,800.0,у.е,,,,,4f84t,22,yashnabad
Яшнобод тумани Иззат,https://www.olx.uz/d/obyavlenie/yashnobod-tumani-izzat-ID4f7RU.html,300 у.е.,300.0,у.е,,,,,4f7RU,22,yashnabad
Yashnabod tumani tuzel3 2 xonali kvartira ijaraga beriladi,https://www.olx.uz/d/obyavlenie/yashnabod-tumani-tuzel3-2-xonali-kvartira-ijaraga-beriladi-ID4f7Rw.html,350 у.е.,350.0,у.е,,,,,4f7Rw,22,yashnabad
Сдается 3 х комнатная квартира Куйлюк -5,https://www.olx.uz/d/obyavlenie/sdaetsya-3-h-komnatnaya-kvartira-kuylyuk-5-ID4eJD4.html,350 у.е.,350.0,у.е,,,,,4eJD4,22,yashnabad
Аренда Паркентский новастройка 2 ком 6 этаж 8 этажка все ест фото реал,https://www.olx.uz/d/obyavlenie/arenda-parkentskiy-novastroyka-2-kom-6-etazh-8-etazhka-vse-est-foto-real-ID4dWMv.html,500 у.е.,500.0,у.е,,,,,4dWMv,22,yashnabad
Аренда квартиры в новостройке ЖК Parkent plaza,https://www.olx.uz/d/obyavlenie/arenda-kvartiry-v-novostroyke-zhk-parkent-plaza-ID4f80W.html,500 у.е.,500.0,у.е,,,,,4f80W,22,yashnabad
Аренда квартиры на Ц-1. Садыка Азимова 3в4/4/5,https://www.olx.uz/d/obyavlenie/arenda-kvartiry-na-ts-1-sadyka-azimova-3v4-4-5-ID4dpZH.html,800 у.е. Договорная,800.0,у.е,,,,,4dpZH,22,yashnabad
Паркентский новастройка 3 ком 2 этаж 8 этажка все ест фото реално,https://www.olx.uz/d/obyavlenie/parkentskiy-novastroyka-3-kom-2-etazh-8-etazhka-vse-est-foto-realno-ID4a00V.html,700 у.е.,700.0,у.е,,,,,4a00V,22,yashnabad
Аренда Новостройка 2 комнаты Азия Хаус,https://www.olx.uz/d/obyavlenie/arenda-novostroyka-2-komnaty-aziya-haus-ID4f7Zu.html,350 у.е.,350.0,у.е,,,,,4f7Zu,22,yashnabad
Аренда New Life ашкабод,https://www.olx.uz/d/obyavlenie/arenda-new-life-ashkabod-ID3PfuB.html,700 у.е.,700.0,у.е,,,,,3PfuB,22,yashnabad
Срочно аренда квартира ислом ота мачит жк грант Сити  узбум,https://www.olx.uz/d/obyavlenie/srochno-arenda-kvartira-islom-ota-machit-zhk-grant-siti-uzbum-ID49K2B.html,550 у.е.,550.0,у.е,,,,,49K2B,22,yashnabad
Аренда гринпарк навастройка Махтумкули ашкабод,https://www.olx.uz/d/obyavlenie/arenda-grinpark-navastroyka-mahtumkuli-ashkabod-ID3RGC5.html,550 у.е.,550.0,у.е,,,,,3RGC5,22,yashnabad
Срочно аренда квартира ЖК узмакон узбум мост,https://www.olx.uz/d/obyavlenie/srochno-arenda-kvartira-zhk-uzmakon-uzbum-most-ID49J4x.html,800 у.е.,800.0,у.е,,,,,49J4x,22,yashnabad
Срочно аренда квартира дархон Закс,https://www.olx.uz/d/obyavlenie/srochno-arenda-kvartira-darhon-zaks-ID49J6e.html,600 у.е.,600.0,у.е,,,,,49J6e,22,yashnabad
Аренда Махтумкули 2/7/7 новостройка,https://www.olx.uz/d/obyavlenie/arenda-mahtumkuli-2-7-7-novostroyka-ID4bbTS.html,700 у.е.,700.0,у.е,,,,,4bbTS,22,yashnabad
Сдаётся квартира 2 ком на Яшнабадском р-н ЖК Ассалом хаво,https://www.olx.uz/d/obyavlenie/sdaetsya-kvartira-2-kom-na-yashnabadskom-r-n-zhk-assalom-havo-ID4f4mh.html,400 у.е.,400.0,у.е,,,,,4f4mh,22,yashnabad
Аренда квартира Яшнабод,https://www.olx.uz/d/obyavlenie/arenda-kvartira-yashnabod-ID45lg5.html,500 у.е. Договорная,500.0,у.е,,,,,45lg5,22,yashnabad
Роскошная 2х комнатная квартира близко к центру ул. Махтумкули IT PARK,https://www.olx.uz/d/obyavlenie/roskoshnaya-2h-komnatnaya-kvartira-blizko-k-tsentru-ul-mahtumkuli-it-park-ID44DBj.html,600 у.е.,600.0,у.е,,,,,44DBj,22,yashnabad
"ЕВРО Новостройка в центре города! 2.4.9, IT Park, Ташсельмаш.",https://www.olx.uz/d/obyavlenie/evro-novostroyka-v-tsentre-goroda-2-4-9-it-park-tashselmash-ID3eRI1.html,500 у.е. Договорная,500.0,у.е,,,,,3eRI1,22,yashnabad
Аренда квартира яшнабод,https://www.olx.uz/d/obyavlenie/arenda-kvartira-yashnabod-ID44niv.html,500 у.е.,500.0,у.е,,,,,44niv,22,yashnabad
Сдаётся квартира 2 ком на Яшнабадском р-н Ц1 Саид барака,https://www.olx.uz/d/obyavlenie/sdaetsya-kvartira-2-kom-na-yashnabadskom-r-n-ts1-said-baraka-ID4f4TB.html,400 у.е.,400.0,у.е,,,,,4f4TB,22,yashnabad
Сдается квартира в аренду | Яшнабад | ЖК Баку | 1/3/10,https://www.olx.uz/d/obyavlenie/sdaetsya-kvartira-v-arendu-yashnabad-zhk-baku-1-3-10-ID4eJt8.html,350 у.е.,350.0,у.е,,,,,4eJt8,22,yashnabad
Bollar va studentlar uchun  kvartira,https://www.olx.uz/d/obyavlenie/bollar-va-studentlar-uchun-kvartira-ID4f7Tq.html,800 000 сум,800000.0,сум,,,,,4f7Tq,22,yashnabad
"Аренда 5 комнатная квартира, Паркентский",https://www.olx.uz/d/obyavlenie/arenda-5-komnatnaya-kvartira-parkentskiy-ID4f7Th.html,700 у.е.,700.0,у.е,,,,,4f7Th,22,yashnabad
Ijara 3 xonalik uy,https://www.olx.uz/d/obyavlenie/ijara-3-xonalik-uy-ID4f4S9.html,3 500 000 сум,3500000.0,сум,,,,,4f4S9,22,yashnabad
Аренда Кадышево Дворец Авиастроителей,https://www.olx.uz/d/obyavlenie/arenda-kadyshevo-dvorets-aviastroiteley-ID4ekc7.html,550 у.е.,550.0,у.е,,,,,4ekc7,22,yashnabad
Сдаётся 4/5/9 в ЖК Династия Паркентский.,https://www.olx.uz/d/obyavlenie/sdaetsya-4-5-9-v-zhk-dinastiya-parkentskiy-ID4cQZp.html,850 у.е.,850.0,у.е,,,,,4cQZp,22,yashnabad
Сдаётся квартира 2 ком на Яшнабадском р-н Ц1 Садик Азимов,https://www.olx.uz/d/obyavlenie/sdaetsya-kvartira-2-kom-na-yashnabadskom-r-n-ts1-sadik-azimov-ID4f1ps.html,500 у.е.,500.0,у.е,,,,,4f1ps,22,yashnabad
Сдаётся квартира 2 ком на Яшнабадском р-н ЖК Ассалом сохил Узбум,https://www.olx.uz/d/obyavlenie/sdaetsya-kvartira-2-kom-na-yashnabadskom-r-n-zhk-assalom-sohil-uzbum-ID4f182.html,450 у.е.,450.0,у.е,,,,,4f182,22,yashnabad
Сдаётся квартира 2 ком на Яшнабадском р-н Ул Мафтункули,https://www.olx.uz/d/obyavlenie/sdaetsya-kvartira-2-kom-na-yashnabadskom-r-n-ul-maftunkuli-ID4f0Lp.html,450 у.е.,450.0,у.е,,,,,4f0Lp,22,yashnabad
ЖК NEW LIFE 4 комнатная 105кв срочно сдается ул Махтумкули Паркентский,https://www.olx.uz/d/obyavlenie/zhk-new-life-4-komnatnaya-105kv-srochno-sdaetsya-ul-mahtumkuli-parkentskiy-ID4eJlO.html,650 у.е. Договорная,650.0,у.е,,,,,4eJlO,22,yashnabad
Аренда Жк Инфинити Садык Азимова 2/8/14,https://www.olx.uz/d/obyavlenie/arenda-zhk-infiniti-sadyk-azimova-2-8-14-ID4ek7s.html,1 000 у.е.,1000.0,у.е,,,,,4ek7s,22,yashnabad
ПРЕСТИЖНАЯ!! 2х ком кв-ра рядом New Life СРОЧНО!! заходи и живи!,https://www.olx.uz/d/obyavlenie/prestizhnaya-2h-kom-kv-ra-ryadom-new-life-srochno-zahodi-i-zhivi-ID4efJV.html,600 у.е. Договорная,600.0,у.е,,,,,4efJV,22,yashnabad
"Сдаётся 2/2/5 Авиасозлар 1 ,ор-р школа 61",https://www.olx.uz/d/obyavlenie/sdaetsya-2-2-5-aviasozlar-1-or-r-shkola-61-ID4f7NY.html,400 у.е.,400.0,у.е,,,,,4f7NY,22,yashnabad
"Сдам Яшнабад!!! 1/14/16, с обстановкой",https://www.olx.uz/d/obyavlenie/sdam-yashnabad-1-14-16-s-obstanovkoy-ID4dWwL.html,300 у.е.,300.0,у.е,,,,,4dWwL,22,yashnabad
Сдается махаля Янгиобод в Новостройке 1х комнатная квартира,https://www.olx.uz/d/obyavlenie/sdaetsya-mahalya-yangiobod-v-novostroyke-1h-komnatnaya-kvartira-ID4ceKl.html,500 у.е.,500.0,у.е,,,,,4ceKl,22,yashnabad
Сдается квартира в ЖК Паркент Авенью 2/7/9,https://www.olx.uz/d/obyavlenie/sdaetsya-kvartira-v-zhk-parkent-avenyu-2-7-9-ID3a0Yw.html,550 у.е. Договорная,550.0,у.е,,,,,3a0Yw,22,yashnabad
3-комн | Паркентский  | 650$,https://www.olx.uz/d/obyavlenie/3-komn-parkentskiy-650-ID4f06Y.html,650 у.е.,650.0,у.е,,,,,4f06Y,22,yashnabad
Аренда Жк Нью Лайф Махтумкули,https://www.olx.uz/d/obyavlenie/arenda-zhk-nyu-layf-mahtumkuli-ID4ek3h.html,800 у.е.,800.0,у.е,,,,,4ek3h,22,yashnabad
Ижарага 1 хона квартира,https://www.olx.uz/d/obyavlenie/izharaga-1-hona-kvartira-ID4bF1R.html,1 800 000 сум Договорная,1800000.0,сум,,,,,4bF1R,22,yashnabad
"Сдаётся квартира 2/3/8 на Яшнабаде, ЖК ""Oqsaroy"", ор-р Паркентский!",https://www.olx.uz/d/obyavlenie/sdaetsya-kvartira-2-3-8-na-yashnabade-zhk-oqsaroy-or-r-parkentskiy-ID4dW7J.html,650 у.е. Договорная,650.0,у.е,,,,,4dW7J,22,yashnabad
Аренда квартира ул Шампанский 3 комнатная,https://www.olx.uz/d/obyavlenie/arenda-kvartira-ul-shampanskiy-3-komnatnaya-ID4ek0o.html,500 у.е.,500.0,у.е,,,,,4ek0o,22,yashnabad
"Аренда 1-ком Ташсельмаш, Боткина",https://www.olx.uz/d/obyavlenie/arenda-1-kom-tashselmash-botkina-ID4eJcX.html,450 у.е. Договорная,450.0,у.е,,,,,4eJcX,22,yashnabad
Аренда Паркентский новастройка 3 ком 1 этаж 8 этажка все ест фото реал,https://www.olx.uz/d/obyavlenie/arenda-parkentskiy-novastroyka-3-kom-1-etazh-8-etazhka-vse-est-foto-real-ID4dWo9.html,700 у.е.,700.0,у.е,,,,,4dWo9,22,yashnabad
Аренда Махтумкули жк New Life,https://www.olx.uz/d/obyavlenie/arenda-mahtumkuli-zhk-new-life-ID3SD66.html,700 у.е.,700.0,у.е,,,,,3SD66,22,yashnabad
"1/7/9 ул.Паркент/Махтумкули,ТЦ Авиатор",https://www.olx.uz/d/obyavlenie/1-7-9-ul-parkent-mahtumkuli-tts-aviator-ID4ejZe.html,500 у.е.,500.0,у.е,,,,,4ejZe,22,yashnabad
Аренда квартира Махтумкули беш чинор навастройка,https://www.olx.uz/d/obyavlenie/arenda-kvartira-mahtumkuli-besh-chinor-navastroyka-ID3UFLX.html,650 у.е.,650.0,у.е,,,,,3UFLX,22,yashnabad
Yashnobod 1/6/16 30 m2 Roxat krug,https://www.olx.uz/d/obyavlenie/yashnobod-1-6-16-30-m2-roxat-krug-ID4dWnj.html,500 у.е.,500.0,у.е,,,,,4dWnj,22,yashnabad
"Аренда квартиры лофт, ориентир IT парк",https://www.olx.uz/d/obyavlenie/arenda-kvartiry-loft-orientir-it-park-ID4f7EY.html,750 у.е. Договорная,750.0,у.е,,,,,4f7EY,22,yashnabad
"Сдается просторная 2-х комнатная квартира на Махтумкули,  2/8/12. Р7",https://www.olx.uz/d/obyavlenie/sdaetsya-prostornaya-2-h-komnatnaya-kvartira-na-mahtumkuli-2-8-12-r7-ID4f7fk.html,650 у.е. Договорная,650.0,у.е,,,,,4f7fk,22,yashnabad
"2х комнатная. новостройка. Паркентский, Корзинка Авиатор.парковка есть",https://www.olx.uz/d/obyavlenie/2h-komnatnaya-novostroyka-parkentskiy-korzinka-aviator-parkovka-est-ID43qLS.html,600 у.е.,600.0,у.е,,,,,43qLS,22,yashnabad
Аренда квартира ЖК Green city 1 комнатная,https://www.olx.uz/d/obyavlenie/arenda-kvartira-zhk-green-city-1-komnatnaya-ID4ejUE.html,500 у.е.,500.0,у.е,,,,,4ejUE,22,yashnabad
Сдается с квартира в аренду,https://www.olx.uz/d/obyavlenie/sdaetsya-s-kvartira-v-arendu-ID4f7B1.html,500 у.е.,500.0,у.е,,,,,4f7B1,22,yashnabad
"Сдается 2-комн квартира в ЖК Baku Residence, Яшнабадский район / 117*",https://www.olx.uz/d/obyavlenie/sdaetsya-2-komn-kvartira-v-zhk-baku-residence-yashnabadskiy-rayon-117-ID4f7zd.html,500 у.е.,500.0,у.е,,,,,4f7zd,22,yashnabad
ЖК Династия - Аренда новой 3 комнатной квартиры на Паркентском,https://www.olx.uz/d/obyavlenie/zhk-dinastiya-arenda-novoy-3-komnatnoy-kvartiry-na-parkentskom-ID4eJ2U.html,800 у.е. Договорная,800.0,у.е,,,,,4eJ2U,22,yashnabad
2/6/9 Здаётся квартира в паркентском,https://www.olx.uz/d/obyavlenie/2-6-9-zdaetsya-kvartira-v-parkentskom-ID4f7vl.html,600 у.е.,600.0,у.е,,,,,4f7vl,22,yashnabad
Аренда 1/3/9 ул. Паркентская,https://www.olx.uz/d/obyavlenie/arenda-1-3-9-ul-parkentskaya-ID4f7v4.html,6 600 000 сум,6600000.0,сум,,,,,4f7v4,22,yashnabad
"Сдается квартира  в ЖК Assalom Sohil 
Ориентир - Узбум",https://www.olx.uz/d/obyavlenie/sdaetsya-kvartira-v-zhk-assalom-sohil-orientir-uzbum-ID3tW5x.html,600 у.е.,600.0,у.е,,,,,3tW5x,22,yashnabad
Сдается квартира на Паркентском,https://www.olx.uz/d/obyavlenie/sdaetsya-kvartira-na-parkentskom-ID3aFYC.html,800 у.е.,800.0,у.е,,,,,3aFYC,22,yashnabad
Сдаётся квартира на Садык Азимова...,https://www.olx.uz/d/obyavlenie/sdaetsya-kvartira-na-sadyk-azimova-ID3suul.html,2 000 у.е.,2000.0,у.е,,,,,3suul,22,yashnabad
Сдаётся квартира в новостройке ЖК Ассалом Махтумкули впервые,https://www.olx.uz/d/obyavlenie/sdaetsya-kvartira-v-novostroyke-zhk-assalom-mahtumkuli-vpervye-ID2UjX0.html,800 у.е.,800.0,у.е,,,,,2UjX0,22,yashnabad
Ijara beriladi. Yashnobod/Olmos/Metro/Rohat 013*,https://www.olx.uz/d/obyavlenie/ijara-beriladi-yashnobod-olmos-metro-rohat-013-ID4f7sK.html,550 у.е.,550.0,у.е,,,,,4f7sK,22,yashnabad
Аренда 1 комнатная,https://www.olx.uz/d/obyavlenie/arenda-1-komnatnaya-ID4elTM.html,250 у.е.,250.0,у.е,,,,,4elTM,22,yashnabad
"2-комнатная квартира с мебелью и техникой - Паркентский, Махтумкули",https://www.olx.uz/d/obyavlenie/2-komnatnaya-kvartira-s-mebelyu-i-tehnikoy-parkentskiy-mahtumkuli-ID49GfW.html,500 у.е.,500.0,у.е,,,,,49GfW,22,yashnabad
Аренда квартира для студентов!!!,https://www.olx.uz/d/obyavlenie/arenda-kvartira-dlya-studentov-ID30cA2.html,100 у.е. Договорная,100.0,у.е,,,,,30cA2,22,yashnabad
Аренда квартиры в ЖК Инфинити,https://www.olx.uz/d/obyavlenie/arenda-kvartiry-v-zhk-infiniti-ID4etyJ.html,2 700 у.е.,2700.0,у.е,,,,,4etyJ,22,yashnabad
Аренда квартиры в ЖК Инфинити,https://www.olx.uz/d/obyavlenie/arenda-kvartiry-v-zhk-infiniti-ID4etAk.html,2 700 у.е.,2700.0,у.е,,,,,4etAk,22,yashnabad
Сдается квартира в Яшнабадском районе,https://www.olx.uz/d/obyavlenie/sdaetsya-kvartira-v-yashnabadskom-rayone-ID4eEVO.html,450 у.е.,450.0,у.е,,,,,4eEVO,22,yashnabad
Срочно Сдаётся Новостройка улица Махтумкули Ашхабад парк 3-комн авторс,https://www.olx.uz/d/obyavlenie/srochno-sdaetsya-novostroyka-ulitsa-mahtumkuli-ashhabad-park-3-komn-avtors-ID4ejBE.html,1 199 у.е. Договорная,1199.0,у.е,,,,,4ejBE,22,yashnabad
Аренда квартиры махтумкули собственик,https://www.olx.uz/d/obyavlenie/arenda-kvartiry-mahtumkuli-sobstvenik-ID4dU0R.html,650 у.е.,650.0,у.е,,,,,4dU0R,22,yashnabad
Сдаётся Яшнабадский р-н Ор-р Ташсельмаш Евро 2ком/3/9,https://www.olx.uz/d/obyavlenie/sdaetsya-yashnabadskiy-r-n-or-r-tashselmash-evro-2kom-3-9-ID3dnwT.html,600 у.е.,600.0,у.е,,,,,3dnwT,22,yashnabad
Срочно Сдаётся квартира лисинова кадишва базар 3-комн евро ремонтом уп,https://www.olx.uz/d/obyavlenie/srochno-sdaetsya-kvartira-lisinova-kadishva-bazar-3-komn-evro-remontom-up-ID4ejzh.html,500 у.е. Договорная,500.0,у.е,,,,,4ejzh,22,yashnabad
Сдаётся 3 х комнатная квартира,https://www.olx.uz/d/obyavlenie/sdaetsya-3-h-komnatnaya-kvartira-ID3RZHh.html,800 у.е.,800.0,у.е,,,,,3RZHh,22,yashnabad
Сдается Квартира В Новостройке,https://www.olx.uz/d/obyavlenie/sdaetsya-kvartira-v-novostroyke-ID35DJ6.html,750 у.е.,750.0,у.е,,,,,35DJ6,22,yashnabad
Kvartira Arenda Do’stlik metro yaqinida,https://www.olx.uz/d/obyavlenie/kvartira-arenda-dostlik-metro-yaqinida-ID4c3Q4.html,700 000 сум,700000.0,сум,,,,,4c3Q4,22,yashnabad
Сдается новая квартира в ЖК Паркент Авеню!,https://www.olx.uz/d/obyavlenie/sdaetsya-novaya-kvartira-v-zhk-parkent-avenyu-ID3pCWT.html,700 у.е. Договорная,700.0,у.е,,,,,3pCWT,22,yashnabad
сдается квартира в новостройке,https://www.olx.uz/d/obyavlenie/sdaetsya-kvartira-v-novostroyke-ID3hUN2.html,800 у.е.,800.0,у.е,,,,,3hUN2,22,yashnabad
Махтумкули ЖК New Life 3/9/9 77 м²,https://www.olx.uz/d/obyavlenie/mahtumkuli-zhk-new-life-3-9-9-77-m-ID3EeJR.html,650 у.е.,650.0,у.е,,,,,3EeJR,22,yashnabad
АРЕНДА 1 комнатная Новостройка Яшнабад электроапараи,https://www.olx.uz/d/obyavlenie/arenda-1-komnatnaya-novostroyka-yashnabad-elektroaparai-ID4f7eN.html,450 у.е.,450.0,у.е,,,,,4f7eN,22,yashnabad
Сдаётся квартира на ЖК New life‼️,https://www.olx.uz/d/obyavlenie/sdaetsya-kvartira-na-zhk-new-life-ID3LAmm.html,1 000 у.е.,1000.0,у.е,,,,,3LAmm,22,yashnabad
Сдается квартира по ул Садык Азимова,https://www.olx.uz/d/obyavlenie/sdaetsya-kvartira-po-ul-sadyk-azimova-ID3Vf66.html,1 400 у.е. Договорная,1400.0,у.е,,,,,3Vf66,22,yashnabad
Аренда квартира ЖК Узмакон 2 комнатная,https://www.olx.uz/d/obyavlenie/arenda-kvartira-zhk-uzmakon-2-komnatnaya-ID4ejov.html,600 у.е.,600.0,у.е,,,,,4ejov,22,yashnabad
Аренда 1/1/2 Яшнабадский р-н Паркентский,https://www.olx.uz/d/obyavlenie/arenda-1-1-2-yashnabadskiy-r-n-parkentskiy-ID4eICi.html,500 у.е.,500.0,у.е,,,,,4eICi,22,yashnabad
Асслом Сохил 3/9/9 550 ye,https://www.olx.uz/d/obyavlenie/asslom-sohil-3-9-9-550-ye-ID4eICh.html,550 у.е.,550.0,у.е,,,,,4eICh,22,yashnabad
Аренда квартира Яшнабод,https://www.olx.uz/d/obyavlenie/arenda-kvartira-yashnabod-ID45asH.html,450 у.е.,450.0,у.е,,,,,45asH,22,yashnabad
Аренда квартира Яшнабод,https://www.olx.uz/d/obyavlenie/arenda-kvartira-yashnabod-ID45arr.html,550 у.е.,550.0,у.е,,,,,45arr,22,yashnabad
Аренда квартира Яшнабод,https://www.olx.uz/d/obyavlenie/arenda-kvartira-yashnabod-ID44nfu.html,500 у.е.,500.0,у.е,,,,,44nfu,22,yashnabad
Аренда квартира Яшнабод,https://www.olx.uz/d/obyavlenie/arenda-kvartira-yashnabod-ID449Se.html,430 у.е.,430.0,у.е,,,,,449Se,22,yashnabad
Аренда квартира Яшнабод,https://www.olx.uz/d/obyavlenie/arenda-kvartira-yashnabod-ID4ejo2.html,4 500 000 сум,4500000.0,сум,,,,,4ejo2,22,yashnabad
Сдается в аренду квартира 2х комнатная Кадышева базар (RV33),https://www.olx.uz/d/obyavlenie/sdaetsya-v-arendu-kvartira-2h-komnatnaya-kadysheva-bazar-rv33-ID4ejm3.html,500 у.е.,500.0,у.е,,,,,4ejm3,22,yashnabad
Аренда Тузель1 Докахлеб 111 конечка 1 /2/4,https://www.olx.uz/d/obyavlenie/arenda-tuzel1-dokahleb-111-konechka-1-2-4-ID42q7i.html,400 у.е.,400.0,у.е,,,,,42q7i,22,yashnabad
Аренда квартира ЖК Алфраганус 3 комнатная,https://www.olx.uz/d/obyavlenie/arenda-kvartira-zhk-alfraganus-3-komnatnaya-ID4ejle.html,800 у.е.,800.0,у.е,,,,,4ejle,22,yashnabad
Ассалом Сохил 3/9/9 550 ye,https://www.olx.uz/d/obyavlenie/assalom-sohil-3-9-9-550-ye-ID4ejl2.html,550 у.е.,550.0,у.е,,,,,4ejl2,22,yashnabad
Сдается срочно двухкомнатная квартира яшнабадский район,https://www.olx.uz/d/obyavlenie/sdaetsya-srochno-dvuhkomnatnaya-kvartira-yashnabadskiy-rayon-ID4dHcE.html,300 у.е.,300.0,у.е,,,,,4dHcE,22,yashnabad
Аренда квартира ул Махтумкули 2 комнатная,https://www.olx.uz/d/obyavlenie/arenda-kvartira-ul-mahtumkuli-2-komnatnaya-ID4ejjn.html,700 у.е.,700.0,у.е,,,,,4ejjn,22,yashnabad
Сдается светлая квартира в новом ЖК Infinity !,https://www.olx.uz/d/obyavlenie/sdaetsya-svetlaya-kvartira-v-novom-zhk-infinity-ID4bHT9.html,1 000 у.е. Договорная,1000.0,у.е,,,,,4bHT9,22,yashnabad
СРОЧНО! Сдаётся 2ком кв После ремонта 40 лет / Тузель / Яшнабад,https://www.olx.uz/d/obyavlenie/srochno-sdaetsya-2kom-kv-posle-remonta-40-let-tuzel-yashnabad-ID4f35P.html,450 у.е. Договорная,450.0,у.е,,,,,4f35P,22,yashnabad
СРОЧНО Премиум класса Яшнабадский р-н Ташсельмаш / Авиагородок / Метро,https://www.olx.uz/d/obyavlenie/srochno-premium-klassa-yashnabadskiy-r-n-tashselmash-aviagorodok-metro-ID4f6Fa.html,450 у.е. Договорная,450.0,у.е,,,,,4f6Fa,22,yashnabad
Сдам 2 комнатную квартиру Яшнабадский ул.Махтумкули ЖК New Life 2/4/10,https://www.olx.uz/d/obyavlenie/sdam-2-komnatnuyu-kvartiru-yashnabadskiy-ul-mahtumkuli-zhk-new-life-2-4-10-ID4ed4J.html,500 у.е. Договорная,500.0,у.е,,,,,4ed4J,22,yashnabad
Сдаётся квартира 2ком Кадышева / Ассалом Хаво / Авиасозлар / Тузель,https://www.olx.uz/d/obyavlenie/sdaetsya-kvartira-2kom-kadysheva-assalom-havo-aviasozlar-tuzel-ID4f34K.html,435 у.е. Договорная,435.0,у.е,,,,,4f34K,22,yashnabad
Сдаётся Премиум класса 2окм квартира Махтумкули / ЖК Беш Чинор,https://www.olx.uz/d/obyavlenie/sdaetsya-premium-klassa-2okm-kvartira-mahtumkuli-zhk-besh-chinor-ID4f6JS.html,475 у.е.,475.0,у.е,,,,,4f6JS,22,yashnabad
Сдаётся Премиум класса 3ком Махтумкули / ЖК NEW LIFE / Айти Парк,https://www.olx.uz/d/obyavlenie/sdaetsya-premium-klassa-3kom-mahtumkuli-zhk-new-life-ayti-park-ID4f6FZ.html,600 у.е. Договорная,600.0,у.е,,,,,4f6FZ,22,yashnabad
"ЖК Беш Чинор, ул.Махтумкули 1/12/14 44м²",https://www.olx.uz/d/obyavlenie/zhk-besh-chinor-ul-mahtumkuli-1-12-14-44m-ID4cpG5.html,600 у.е.,600.0,у.е,,,,,4cpG5,22,yashnabad
Сдается 2 ком ЖК Ассалом Сохил. Узбум,https://www.olx.uz/d/obyavlenie/sdaetsya-2-kom-zhk-assalom-sohil-uzbum-ID4f71D.html,500 у.е.,500.0,у.е,,,,,4f71D,22,yashnabad
Аренда новая квартира в ЖК Infinity!,https://www.olx.uz/d/obyavlenie/arenda-novaya-kvartira-v-zhk-infinity-ID4cCoq.html,1 100 у.е. Договорная,1100.0,у.е,,,,,4cCoq,22,yashnabad
Просторная 3х комнатная квартира 100м2 на удобной локации Паркентский!,https://www.olx.uz/d/obyavlenie/prostornaya-3h-komnatnaya-kvartira-100m2-na-udobnoy-lokatsii-parkentskiy-ID44jAX.html,1 000 у.е. Договорная,1000.0,у.е,,,,,44jAX,22,yashnabad
Сдается 3 ком Кадышева базар. Golden House Новостройка,https://www.olx.uz/d/obyavlenie/sdaetsya-3-kom-kadysheva-bazar-golden-house-novostroyka-ID4f6ZK.html,500 у.е.,500.0,у.е,,,,,4f6ZK,22,yashnabad
Сдаётся квартира на рисовом 2/7/9,https://www.olx.uz/d/obyavlenie/sdaetsya-kvartira-na-risovom-2-7-9-ID4f6Ym.html,350 у.е.,350.0,у.е,,,,,4f6Ym,22,yashnabad
Сдаётся 2х комнатная квартира на Тузель 2. Корзинка,https://www.olx.uz/d/obyavlenie/sdaetsya-2h-komnatnaya-kvartira-na-tuzel-2-korzinka-ID4f6Xg.html,350 у.е.,350.0,у.е,,,,,4f6Xg,22,yashnabad
Квартира Аренда Яшнабадский  Жк VILLAGE GOLDEN HOUSE,https://www.olx.uz/d/obyavlenie/kvartira-arenda-yashnabadskiy-zhk-village-golden-house-ID4ej7H.html,950 у.е.,950.0,у.е,,,,,4ej7H,22,yashnabad
Сдаётся 2 комнатная квартира!Ассалом сохил!,https://www.olx.uz/d/obyavlenie/sdaetsya-2-komnatnaya-kvartira-assalom-sohil-ID4dUwM.html,500 у.е.,500.0,у.е,,,,,4dUwM,22,yashnabad
Сдаётся Шикарное квартира ЖК Ассалом Хаво 2-ком Метро Алмас,https://www.olx.uz/d/obyavlenie/sdaetsya-shikarnoe-kvartira-zhk-assalom-havo-2-kom-metro-almas-ID3ZXgn.html,450 у.е.,450.0,у.е,,,,,3ZXgn,22,yashnabad
Сдаётся пустая квартира с евроремонтом,https://www.olx.uz/d/obyavlenie/sdaetsya-pustaya-kvartira-s-evroremontom-ID4cgA7.html,450 у.е.,450.0,у.е,,,,,4cgA7,22,yashnabad
Сдаётся пустая квартира с евроремонтом,https://www.olx.uz/d/obyavlenie/sdaetsya-pustaya-kvartira-s-evroremontom-ID4cmLy.html,450 у.е.,450.0,у.е,,,,,4cmLy,22,yashnabad
Сдаётся Шикарное квартира 2-комната ЖК Махтумкули ро-н Яшнабадский,https://www.olx.uz/d/obyavlenie/sdaetsya-shikarnoe-kvartira-2-komnata-zhk-mahtumkuli-ro-n-yashnabadskiy-ID40RcY.html,500 у.е.,500.0,у.е,,,,,40RcY,22,yashnabad
Сдаётся Шикарное 1/3/9 квартира ул Фаргона Йули ЖК Ассалом сохил,https://www.olx.uz/d/obyavlenie/sdaetsya-shikarnoe-1-3-9-kvartira-ul-fargona-yuli-zhk-assalom-sohil-ID40RYG.html,450 у.е.,450.0,у.е,,,,,40RYG,22,yashnabad
Сдается Светлая 2-ком кв в ЖК Oq Saroy Яшнабадский район,https://www.olx.uz/d/obyavlenie/sdaetsya-svetlaya-2-kom-kv-v-zhk-oq-saroy-yashnabadskiy-rayon-ID41yTl.html,700 у.е.,700.0,у.е,,,,,41yTl,22,yashnabad
"Сдаётся в аренду 3х комнатная с обстановкой на Шастри,Ташсельмаш.",https://www.olx.uz/d/obyavlenie/sdaetsya-v-arendu-3h-komnatnaya-s-obstanovkoy-na-shastri-tashselmash-ID43znk.html,450 у.е.,450.0,у.е,,,,,43znk,22,yashnabad
Срочно Яшнабод олмос  резиденсда арендага квартира,https://www.olx.uz/d/obyavlenie/srochno-yashnabod-olmos-rezidensda-arendaga-kvartira-ID4f6PK.html,400 у.е.,400.0,у.е,,,,,4f6PK,22,yashnabad
Яшнабод олмос махаллада арендага квартира,https://www.olx.uz/d/obyavlenie/yashnabod-olmos-mahallada-arendaga-kvartira-ID4eZPo.html,400 у.е.,400.0,у.е,,,,,4eZPo,22,yashnabad
Аренда квартира Тузел-3 40-лет 2-хона 1-Этаж,https://www.olx.uz/d/obyavlenie/arenda-kvartira-tuzel-3-40-let-2-hona-1-etazh-ID4cZZD.html,400 у.е.,400.0,у.е,,,,,4cZZD,22,yashnabad
Яшнобод 1/1/9 Кадешва бозори  олдида 1-хонаси берилади хозайкали квар,https://www.olx.uz/d/obyavlenie/yashnobod-1-1-9-kadeshva-bozori-oldida-1-honasi-beriladi-hozaykali-kvar-ID4dO2n.html,1 500 000 сум Договорная,1500000.0,сум,,,,,4dO2n,22,yashnabad
Аренда квартира Яшнобод Олмос махалла 3/10/16,https://www.olx.uz/d/obyavlenie/arenda-kvartira-yashnobod-olmos-mahalla-3-10-16-ID4eiSI.html,5 000 000 сум,5000000.0,сум,,,,,4eiSI,22,yashnabad
Аренда 2х комнатной квартиры от владельца.,https://www.olx.uz/d/obyavlenie/arenda-2h-komnatnoy-kvartiry-ot-vladeltsa-ID3ZNHo.html,1 000 у.е. Договорная,1000.0,у.е,,,,,3ZNHo,22,yashnabad
"Сдаётся кв ЖК New Life 2-ком/6/10 ро-н, Яшнабадский",https://www.olx.uz/d/obyavlenie/sdaetsya-kv-zhk-new-life-2-kom-6-10-ro-n-yashnabadskiy-ID4f6wE.html,500 у.е.,500.0,у.е,,,,,4f6wE,22,yashnabad
Японское посольство- Двух токомнатная.,https://www.olx.uz/d/obyavlenie/yaponskoe-posolstvo-dvuh-tokomnatnaya-ID3Q3XW.html,6 500 000 сум Договорная,6500000.0,сум,,,,,3Q3XW,22,yashnabad
Arenda kvartira. Better Best navostroyka. 1/12/18,https://www.olx.uz/d/obyavlenie/arenda-kvartira-better-best-navostroyka-1-12-18-ID46s21.html,300 у.е.,300.0,у.е,,,,,46s21,22,yashnabad
2/2/9 Яшнобод  новастройка евро.ремонт Иззатда жойлашган Кадешва бозор,https://www.olx.uz/d/obyavlenie/2-2-9-yashnobod-novastroyka-evro-remont-izzatda-zhoylashgan-kadeshva-bozor-ID4f6Fm.html,350 у.е.,350.0,у.е,,,,,4f6Fm,22,yashnabad
1/2/4 Яшнобод санузел ичида общижита тоза метро олмос бекати олдида,https://www.olx.uz/d/obyavlenie/1-2-4-yashnobod-sanuzel-ichida-obschizhita-toza-metro-olmos-bekati-oldida-ID4f6EY.html,2 000 000 сум,2000000.0,сум,,,,,4f6EY,22,yashnabad
Аренда Джаркурганская,https://www.olx.uz/d/obyavlenie/arenda-dzharkurganskaya-ID4eiOv.html,350 у.е.,350.0,у.е,,,,,4eiOv,22,yashnabad
1/7/9 Яшнобод  Авиасозлар 1 мавзе. Ижарага берилади квартира,https://www.olx.uz/d/obyavlenie/1-7-9-yashnobod-aviasozlar-1-mavze-izharaga-beriladi-kvartira-ID3TcqN.html,300 у.е.,300.0,у.е,,,,,3TcqN,22,yashnabad
Сдается 1 ком ЖК Parkent Plaza. Имеется Посудомойка,https://www.olx.uz/d/obyavlenie/sdaetsya-1-kom-zhk-parkent-plaza-imeetsya-posudomoyka-ID4f6EG.html,550 у.е.,550.0,у.е,,,,,4f6EG,22,yashnabad
Сдается 1 ком ЖК Ассалом Сохил. Узбум,https://www.olx.uz/d/obyavlenie/sdaetsya-1-kom-zhk-assalom-sohil-uzbum-ID4f6Ex.html,450 у.е.,450.0,у.е,,,,,4f6Ex,22,yashnabad
Сдаётся 1 комнатная квартира в новостройке со всеми удобствами,https://www.olx.uz/d/obyavlenie/sdaetsya-1-komnatnaya-kvartira-v-novostroyke-so-vsemi-udobstvami-ID41LUl.html,499 у.е.,499.0,у.е,,,,,41LUl,22,yashnabad
Сдается 2 ком ЖК Besh Chinor. Улица Махтумкули. Парк Ашхабад,https://www.olx.uz/d/obyavlenie/sdaetsya-2-kom-zhk-besh-chinor-ulitsa-mahtumkuli-park-ashhabad-ID4f6En.html,650 у.е.,650.0,у.е,,,,,4f6En,22,yashnabad
Yashnobod tumanida arendaga uy beriladi,https://www.olx.uz/d/obyavlenie/yashnobod-tumanida-arendaga-uy-beriladi-ID4eiMH.html,550 у.е. Договорная,550.0,у.е,,,,,4eiMH,22,yashnabad
Аренда квартира Яшнабод,https://www.olx.uz/d/obyavlenie/arenda-kvartira-yashnabod-ID4crOG.html,500 у.е.,500.0,у.е,,,,,4crOG,22,yashnabad
